2026-05-21 16:08:39,725 - INFO - DVDS数据清洗器初始化完成
2026-05-21 16:08:39,725 - INFO - 源数据目录: F:\data_IGBT\ASEData\DVDS
2026-05-21 16:08:39,725 - INFO - 输出目录: F:\data_IGBT\output
2026-05-21 16:08:39,726 - INFO - === Phase 1: 扫描DVDS文件 ===
2026-05-21 16:08:39,726 - INFO - 找到有效文件: NCT5605001_NCEAP40PT15D(M)-2B00_FA61-3788_20260210_222338.xlsx
2026-05-21 16:08:39,726 - INFO - 找到有效文件: NCT5605002_NCEAP40PT15D(M)-2B00_FA61-3788_20260209_125428.xlsx
2026-05-21 16:08:39,726 - INFO - 找到有效文件: NCT5605003_NCEAP40PT15D(M)-2B00_FA61-3788_20260209_100913.xlsx
2026-05-21 16:08:39,726 - INFO - 找到有效文件: NCT5605004_NCEAP40PT15D(M)-2B00_FA61-3788_20260210_190259.xlsx
2026-05-21 16:08:39,727 - INFO - 找到有效文件: NCT5605005_NCEAP40PT15D(M)-2B00_FA61-3788_20260210_132641.xlsx
2026-05-21 16:08:39,727 - INFO - 找到有效文件: NCT5605006_NCEAP40PT15D(M)-2B00_FA61-3788_20260210_160219.xlsx
2026-05-21 16:08:39,727 - INFO - 找到有效文件: NCT5605007_NCEAP40PT15D(M)-2B00_FA61-3788_20260209_073435.xlsx
2026-05-21 16:08:39,727 - INFO - 找到有效文件: NCT5605008_NCEAP40PT15D(M)-2B00_FA61-3788_20260211_023924.xlsx
2026-05-21 16:08:39,727 - INFO - 找到有效文件: NCT5605009_NCEAP40PT15D(M)-2B00_FA61-3827_20260212_010704.xlsx
2026-05-21 16:08:39,728 - INFO - 找到有效文件: NCT5605010_NCEAP40PT15D(M)-2B00_FA61-3827_20260209_152833.xlsx
2026-05-21 16:08:39,731 - INFO - 找到有效文件: NCT5605011_NCEAP40PT15D(M)-2B00_FA61-3827_20260210_025825.xlsx
2026-05-21 16:08:39,732 - INFO - 找到有效文件: NCT5605012_NCEAP40PT15D(M)-2B00_FA61-3827_20260209_222905.xlsx
2026-05-21 16:08:39,732 - INFO - 找到有效文件: NCT5605013_NCEAP40PT15D(M)-2B00_FA61-3827_20260210_103016.xlsx
2026-05-21 16:08:39,732 - INFO - 找到有效文件: NCT5605014_NCEAP40PT15D(M)-2B00_FA61-3827_20260210_055053.xlsx
2026-05-21 16:08:39,732 - INFO - 找到有效文件: NCT5605015_NCEAP40PT15D(M)-2B00_FA61-3827_20260209_175758.xlsx
2026-05-21 16:08:39,732 - INFO - 找到有效文件: NCT5605016_NCEAP40PT15D(M)-2B00_FA61-3827_20260212_033851.xlsx
2026-05-21 16:08:39,733 - INFO - 找到有效文件: NCT5605016_NCEAP40PT15D(M)-2B00_FA61-3827_20260212_050607.xlsx
2026-05-21 16:08:39,733 - INFO - 找到有效文件: NCT5605025_NCEAP40PT15D(M)-2B00_FA61-3846_20260212_110443.xlsx
2026-05-21 16:08:39,733 - INFO - 找到有效文件: NCT5605026_NCEAP40PT15D(M)-2B00_FA61-3846_20260211_130809.xlsx
2026-05-21 16:08:39,733 - INFO - 找到有效文件: NCT5605027_NCEAP40PT15D(M)-2B00_FA61-3846_20260211_153908.xlsx
2026-05-21 16:08:39,733 - INFO - 找到有效文件: NCT5605028_NCEAP40PT15D(M)-2B00_FA61-3846_20260211_223120.xlsx
2026-05-21 16:08:39,733 - INFO - 找到有效文件: NCT5605029_NCEAP40PT15D(M)-2B00_FA61-3846_20260211_041808.xlsx
2026-05-21 16:08:39,734 - INFO - 找到有效文件: NCT5605029_NCEAP40PT15D(M)-2B00_FA61-3846_20260212_135445.xlsx
2026-05-21 16:08:39,734 - INFO - 找到有效文件: NCT5605030_NCEAP40PT15D(M)-2B00_FA61-3846_20260211_102933.xlsx
2026-05-21 16:08:39,734 - INFO - 找到有效文件: NCT5605031_NCEAP40PT15D(M)-2B00_FA61-3846_20260211_070924.xlsx
2026-05-21 16:08:39,735 - INFO - 找到有效文件: NCT5605032_NCEAP40PT15D(M)-2B00_FA61-3846_20260211_193207.xlsx
2026-05-21 16:08:39,735 - INFO - 找到有效文件: NCT5608001_NCEAP40PT15D(M)-2B00_FA62-5790_20260316_102449.xlsx
2026-05-21 16:08:39,735 - INFO - 找到有效文件: NCT5608002_NCEAP40PT15D(M)-2B00_FA62-5790_20260321_170422.xlsx
2026-05-21 16:08:39,735 - INFO - 找到有效文件: NCT5608003_NCEAP40PT15D(M)-2B00_FA62-5790_20260315_134825.xlsx
2026-05-21 16:08:39,736 - INFO - 找到有效文件: NCT5608004_NCEAP40PT15D(M)-2B00_FA62-5790_20260313_091222.xlsx
2026-05-21 16:08:39,736 - INFO - 找到有效文件: NCT5608005_NCEAP40PT15D(M)-2B00_FA62-5790_20260315_043911.xlsx
2026-05-21 16:08:39,736 - INFO - 找到有效文件: NCT5608006_NCEAP40PT15D(M)-2B00_FA62-5790_20260315_074234.xlsx
2026-05-21 16:08:39,736 - INFO - 找到有效文件: NCT5608007_NCEAP40PT15D(M)-2B00_FA62-5790_20260313_114243.xlsx
2026-05-21 16:08:39,736 - INFO - 找到有效文件: NCT5608008_NCEAP40PT15D(M)-2B00_FA62-5790_20260316_070811.xlsx
2026-05-21 16:08:39,737 - INFO - 找到有效文件: NCT5608009_NCEAP40PT15D(M)-2B00_FA62-2945_20260315_103855.xlsx
2026-05-21 16:08:39,737 - INFO - 找到有效文件: NCT5608010_NCEAP40PT15D(M)-2B00_FA62-2945_20260315_115732.xlsx
2026-05-21 16:08:39,737 - INFO - 找到有效文件: NCT5608011_NCEAP40PT15D(M)-2B00_FA62-2945_20260315_165849.xlsx
2026-05-21 16:08:39,737 - INFO - 找到有效文件: NCT5609001_NCEAP40PT15D(M)-2B00_FA62-2945_20260315_014115.xlsx
2026-05-21 16:08:39,737 - INFO - 找到有效文件: NCT5609002_NCEAP40PT15D(M)-2B00_FA62-2945_20260315_214520.xlsx
2026-05-21 16:08:39,737 - INFO - 找到有效文件: NCT5609003_NCEAP40PT15D(M)-2B00_FA62-2945_20260315_094522.xlsx
2026-05-21 16:08:39,737 - INFO - 找到有效文件: NCT5609004_NCEAP40PT15D(M)-2B00_FA62-2945_20260315_140840.xlsx
2026-05-21 16:08:39,738 - INFO - 找到有效文件: NCT5609005_NCEAP40PT15D(M)-2B00_FA62-2945_20260315_191028.xlsx
2026-05-21 16:08:39,738 - INFO - 找到有效文件: NCT5609006_NCEAP40PT15D(M)-2B00_FA62-6031_20260315_055041.xlsx
2026-05-21 16:08:39,738 - INFO - 找到有效文件: NCT5609007_NCEAP40PT15D(M)-2B00_FA62-6031_20260314_192625.xlsx
2026-05-21 16:08:39,745 - INFO - 找到有效文件: NCT5609008_NCEAP40PT15D(M)-2B00_FA62-6031_20260315_032532.xlsx
2026-05-21 16:08:39,746 - INFO - 找到有效文件: NCT5609009_NCEAP40PT15D(M)-2B00_FA62-6031_20260314_134442.xlsx
2026-05-21 16:08:39,747 - INFO - 找到有效文件: NCT5609010_NCEAP40PT15D(M)-2B00_FA62-6031_20260314_043132.xlsx
2026-05-21 16:08:39,747 - INFO - 找到有效文件: NCT5609010_NCEAP40PT15D(M)-2B00_FA62-6031_20260314_050304.xlsx
2026-05-21 16:08:39,747 - INFO - 找到有效文件: NCT5609011_NCEAP40PT15D(M)-2B00_FA62-6031_20260314_164949.xlsx
2026-05-21 16:08:39,747 - INFO - 找到有效文件: NCT5609012_NCEAP40PT15D(M)-2B00_FA62-6031_20260314_234314.xlsx
2026-05-21 16:08:39,748 - INFO - 找到有效文件: NCT5609013_NCEAP40PT15D(M)-2B00_FA62-6031_20260316_042543.xlsx
2026-05-21 16:08:39,748 - INFO - 找到有效文件: NCT5609014_NCEAP40PT15D(M)-2B00_FA62-6032_20260314_012019.xlsx
2026-05-21 16:08:39,749 - INFO - 找到有效文件: NCT5609015_NCEAP40PT15D(M)-2B00_FA62-6032_20260314_042234.xlsx
2026-05-21 16:08:39,749 - INFO - 找到有效文件: NCT5609016_NCEAP40PT15D(M)-2B00_FA62-6032_20260313_190910.xlsx
2026-05-21 16:08:39,749 - INFO - 找到有效文件: NCT5609017_NCEAP40PT15D(M)-2B00_FA62-6032_20260313_164925.xlsx
2026-05-21 16:08:39,749 - INFO - 找到有效文件: NCT5609018_NCEAP40PT15D(M)-2B00_FA62-6032_20260313_222337.xlsx
2026-05-21 16:08:39,750 - INFO - 找到有效文件: NCT5609019_NCEAP40PT15D(M)-2B00_FA62-6032_20260314_071055.xlsx
2026-05-21 16:08:39,750 - INFO - 找到有效文件: NCT5609020_NCEAP40PT15D(M)-2B00_FA62-6032_20260315_155444.xlsx
2026-05-21 16:08:39,750 - INFO - 找到有效文件: NCT5609021_NCEAP40PT15D(M)-2B00_FA62-6032_20260313_141558.xlsx
2026-05-21 16:08:39,750 - INFO - 找到有效文件: NCT5609022_NCEAP40PT15D(M)-2B00_FA62-6032_20260315_172404.xlsx
2026-05-21 16:08:39,750 - INFO - 找到有效文件: NCT5609023_NCEAP40PT15D(M)-2B00_FA62-6036_20260314_230515.xlsx
2026-05-21 16:08:39,750 - INFO - 找到有效文件: NCT5609024_NCEAP40PT15D(M)-2B00_FA62-6036_20260315_193041.xlsx
2026-05-21 16:08:39,751 - INFO - 找到有效文件: NCT5609025_NCEAP40PT15D(M)-2B00_FA62-6036_20260315_221957.xlsx
2026-05-21 16:08:39,755 - INFO - 找到有效文件: NCT5609026_NCEAP40PT15D(M)-2B00_FA62-6036_20260314_172643.xlsx
2026-05-21 16:08:39,756 - INFO - 找到有效文件: NCT5609027_NCEAP40PT15D(M)-2B00_FA62-6036_20260314_200612.xlsx
2026-05-21 16:08:39,756 - INFO - 找到有效文件: NCT5609028_NCEAP40PT15D(M)-2B00_FA62-6036_20260314_122614.xlsx
2026-05-21 16:08:39,757 - INFO - 找到有效文件: NCT5609029_NCEAP40PT15D(M)-2B00_FA62-6036_20260314_143702.xlsx
2026-05-21 16:08:39,757 - INFO - 找到有效文件: NCT5609030_NCEAP40PT15D(M)-2B00_FA62-6036_20260316_011645.xlsx
2026-05-21 16:08:39,757 - INFO - 找到有效文件: NCT5611001_NCEAP40PT15D(M)-2B00_FA62-3465_20260324_221959.xlsx
2026-05-21 16:08:39,757 - INFO - 找到有效文件: NCT5611002_NCEAP40PT15D(M)-2B00_FA62-3465_20260322_012624.xlsx
2026-05-21 16:08:39,757 - INFO - 找到有效文件: NCT5611003_NCEAP40PT15D(M)-2B00_FA62-3465_20260322_122237.xlsx
2026-05-21 16:08:39,757 - INFO - 找到有效文件: NCT5611005_NCEAP40PT15D(M)-2B00_FA62-3465_20260322_094728.xlsx
2026-05-21 16:08:39,758 - INFO - 找到有效文件: NCT5611006_NCEAP40PT15D(M)-2B00_FA62-3465_20260322_143545.xlsx
2026-05-21 16:08:39,758 - INFO - 找到有效文件: NCT5611007_NCEAP40PT15D(M)-2B00_FA62-3465_20260322_034050.xlsx
2026-05-21 16:08:39,758 - INFO - 找到有效文件: NCT5611008_NCEAP40PT15D(M)-2B00_FA62-3465_20260324_104840.xlsx
2026-05-21 16:08:39,759 - INFO - 找到有效文件: NCT5611009_NCEAP40PT15D(M)-2B00_FA62-3465_20260324_084545.xlsx
2026-05-21 16:08:39,759 - INFO - 找到有效文件: NCT5611010_NCEAP40PT15D(M)-2B00_FA62-3468_20260323_220428.xlsx
2026-05-21 16:08:39,759 - INFO - 找到有效文件: NCT5611011_NCEAP40PT15D(M)-2B00_FA62-3468_20260322_073228.xlsx
2026-05-21 16:08:39,759 - INFO - 找到有效文件: NCT5611012_NCEAP40PT15D(M)-2B00_FA62-3468_20260323_185740.xlsx
2026-05-21 16:08:39,759 - INFO - 找到有效文件: NCT5611013_NCEAP40PT15D(M)-2B00_FA62-3468_20260323_071231.xlsx
2026-05-21 16:08:39,760 - INFO - 找到有效文件: NCT5611014_NCEAP40PT15D(M)-2B00_FA62-3468_20260323_051431.xlsx
2026-05-21 16:08:39,760 - INFO - 找到有效文件: NCT5611015_NCEAP40PT15D(M)-2B00_FA62-3468_20260321_192825.xlsx
2026-05-21 16:08:39,760 - INFO - 找到有效文件: NCT5611016_NCEAP40PT15D(M)-2B00_FA62-3468_20260323_164654.xlsx
2026-05-21 16:08:39,761 - INFO - 找到有效文件: NCT5611017_NCEAP40PT15D(M)-2B00_FA62-3468_20260323_030334.xlsx
2026-05-21 16:08:39,761 - INFO - 找到有效文件: NCT5611018_NCEAP40PT15D(M)-2B00_FA62-3468_20260327_014421.xlsx
2026-05-21 16:08:39,765 - INFO - 找到有效文件: NCT5611021_NCEAP40PT15D(M)-2B00_FA62-3467_20260324_011712.xlsx
2026-05-21 16:08:39,766 - INFO - 找到有效文件: NCT5611022_NCEAP40PT15D(M)-2B00_FA62-3467_20260323_121408.xlsx
2026-05-21 16:08:39,766 - INFO - 找到有效文件: NCT5611023_NCEAP40PT15D(M)-2B00_FA62-3467_20260327_000345.xlsx
2026-05-21 16:08:39,766 - INFO - 找到有效文件: NCT5611024_NCEAP40PT15D(M)-2B00_FA62-3467_20260323_095612.xlsx
2026-05-21 16:08:39,767 - INFO - 找到有效文件: NCT5611025_NCEAP40PT15D(M)-2B00_FA62-3467_20260324_030843.xlsx
2026-05-21 16:08:39,767 - INFO - 找到有效文件: NCT5611026_NCEAP40PT15D(M)-2B00_FA62-3445_20260325_234657.xlsx
2026-05-21 16:08:39,767 - INFO - 找到有效文件: NCT5611027_NCEAP40PT15D(M)-2B00_FA62-3445_20260322_191509.xlsx
2026-05-21 16:08:39,767 - INFO - 找到有效文件: NCT5611028_NCEAP40PT15D(M)-2B00_FA62-3445_20260325_192247.xlsx
2026-05-21 16:08:39,768 - INFO - 找到有效文件: NCT5611029_NCEAP40PT15D(M)-2B00_FA62-3445_20260322_221505.xlsx
2026-05-21 16:08:39,768 - INFO - 找到有效文件: NCT5611030_NCEAP40PT15D(M)-2B00_FA62-3445_20260323_002304.xlsx
2026-05-21 16:08:39,769 - INFO - 找到有效文件: NCT5611031_NCEAP40PT15D(M)-2B00_FA62-3445_20260322_170425.xlsx
2026-05-21 16:08:39,769 - INFO - 找到有效文件: NCT5611032_NCEAP40PT15D(M)-2B00_FA62-3445_20260324_145348.xlsx
2026-05-21 16:08:39,769 - INFO - 找到有效文件: NCT5611033_NCEAP40PT15D(M)-2B00_FA62-3445_20260324_124942.xlsx
2026-05-21 16:08:39,773 - INFO - 找到有效文件: NCT5611034_NCEAP40PT15D(M)-2B00_FA62-3445_20260325_211214.xlsx
2026-05-21 16:08:39,773 - INFO - 找到有效文件: NCT5611035_NCEAP40PT15D(M)-2B00_FA62-3467_20260324_191945.xlsx
2026-05-21 16:08:39,774 - INFO - 找到有效文件: NCT5611036_NCEAP40PT15D(M)-2B00_FA62-3467_20260324_051624.xlsx
2026-05-21 16:08:39,774 - INFO - 找到有效文件: NCT5611037_NCEAP40PT15D(M)-2B00_FA62-3467_20260323_142806.xlsx
2026-05-21 16:08:39,774 - INFO - 找到有效文件: NCT5611038_NCEAP40PT15D(M)-2B00_FA62-3467_20260326_214822.xlsx
2026-05-21 16:08:39,775 - INFO - 找到有效文件: NCT5611039_NCEAP40PT15D(M)-2B00_FA62-3935_20260326_095817.xlsx
2026-05-21 16:08:39,775 - INFO - 找到有效文件: NCT5611040_NCEAP40PT15D(M)-2B00_FA62-3935_20260326_074359.xlsx
2026-05-21 16:08:39,776 - INFO - 找到有效文件: NCT5611041_NCEAP40PT15D(M)-2B00_FA62-3935_20260326_032443.xlsx
2026-05-21 16:08:39,776 - INFO - 找到有效文件: NCT5611044_NCEAP40PT15D(M)-2B00_FA62-3935_20260326_191818.xlsx
2026-05-21 16:08:39,780 - INFO - 找到有效文件: NCT5611045_NCEAP40PT15D(M)-2B00_FA62-3935_20260324_170057.xlsx
2026-05-21 16:08:39,780 - INFO - 找到有效文件: NCT5611046_NCEAP40PT15D(M)-2B00_FA62-3935_20260326_053338.xlsx
2026-05-21 16:08:39,780 - INFO - 找到有效文件: NCT5611047_NCEAP40PT15D(M)-2B00_FA62-3935_20260326_125845.xlsx
2026-05-21 16:08:39,781 - INFO - 找到有效文件: NCT5611048_NCEAP40PT15D(M)-2B00_FA62-3935_20260326_154840.xlsx
2026-05-21 16:08:39,781 - INFO - 找到有效文件: NCT5611049_NCEAP40PT15D(M)-2B00_FA63-3956_20260327_060517.xlsx
2026-05-21 16:08:39,781 - INFO - 找到有效文件: NCT5611050_NCEAP40PT15D(M)-2B00_FA63-3956_20260325_120645.xlsx
2026-05-21 16:08:39,781 - INFO - 找到有效文件: NCT5611051_NCEAP40PT15D(M)-2B00_FA63-3956_20260325_063154.xlsx
2026-05-21 16:08:39,781 - INFO - 找到有效文件: NCT5611052_NCEAP40PT15D(M)-2B00_FA63-3956_20260325_141703.xlsx
2026-05-21 16:08:39,782 - INFO - 找到有效文件: NCT5611053_NCEAP40PT15D(M)-2B00_FA63-3956_20260325_034655.xlsx
2026-05-21 16:08:39,784 - INFO - 找到有效文件: NCT5611054_NCEAP40PT15D(M)-2B00_FA63-3956_20260325_164436.xlsx
2026-05-21 16:08:39,784 - INFO - 找到有效文件: NCT5611055_NCEAP40PT15D(M)-2B00_FA63-3956_20260325_095238.xlsx
2026-05-21 16:08:39,785 - INFO - 找到有效文件: NCT5611056_NCEAP40PT15D(M)-2B00_FA63-3956_20260324_072831.xlsx
2026-05-21 16:08:39,785 - INFO - 找到有效文件: NCT5611057_NCEAP40PT15D(M)-2B00_FA63-3956_20260327_034059.xlsx
2026-05-21 16:08:39,785 - INFO - 找到有效文件: NCT5613007_NCEAP40PT15D(M)-2B00_FA63-2589_20260410_114847.xlsx
2026-05-21 16:08:39,785 - INFO - 找到有效文件: NCT5613008_NCEAP40PT15D(M)-2B00_FA63-2589_20260410_174301.xlsx
2026-05-21 16:08:39,786 - INFO - 找到有效文件: NCT5613008_NCEAP40PT15D(M)-2B00_FA63-2589_20260410_191638.xlsx
2026-05-21 16:08:39,786 - INFO - 找到有效文件: NCT5613010_NCEAP40PT15D(M)-2B00_FA63-2589_20260410_002505.xlsx
2026-05-21 16:08:39,786 - INFO - 找到有效文件: NCT5613011_NCEAP40PT15D(M)-2B00_FA63-2589_20260410_071253.xlsx
2026-05-21 16:08:39,786 - INFO - 找到有效文件: NCT5613012_NCEAP40PT15D(M)-2B00_FA63-2589_20260410_024652.xlsx
2026-05-21 16:08:39,786 - INFO - 找到有效文件: NCT5613013_NCEAP40PT15D(M)-2B00_FA63-2589_20260410_165851.xlsx
2026-05-21 16:08:39,787 - INFO - 找到有效文件: NCT5613014_NCEAP40PT15D(M)-2B00_FA63-2589_20260410_143336.xlsx
2026-05-21 16:08:39,791 - INFO - 找到有效文件: NCT5613015_NCEAP40PT15D(M)-2B00_FA63-2589_20260410_090751.xlsx
2026-05-21 16:08:39,792 - INFO - 找到有效文件: NCT5614059_NCEAP40PT15D(M)-2B00_FA63-3064_20260419_085130.xlsx
2026-05-21 16:08:39,792 - INFO - 找到有效文件: NCT5614059_NCEAP40PT15D(M)-2B00_FA63-3064_20260419_122644.xlsx
2026-05-21 16:08:39,792 - INFO - 找到有效文件: NCT5614060_NCEAP40PT15D(M)-2B00_FA63-3064_20260418_150429.xlsx
2026-05-21 16:08:39,792 - INFO - 找到有效文件: NCT5614060_NCEAP40PT15D(M)-2B00_FA63-3064_20260418_230253.xlsx
2026-05-21 16:08:39,793 - INFO - 找到有效文件: NCT5614061_NCEAP40PT15D(M)-2B00_FA63-3064_20260419_194145.xlsx
2026-05-21 16:08:39,793 - INFO - 找到有效文件: NCT5614062_NCEAP40PT15D(M)-2B00_FA63-3064_20260419_155224.xlsx
2026-05-21 16:08:39,795 - INFO - 找到有效文件: NCT5614063_NCEAP40PT15D(M)-2B00_FA63-3064_20260420_005925.xlsx
2026-05-21 16:08:39,795 - INFO - 找到有效文件: NCT5614064_NCEAP40PT15D(M)-2B00_FA63-3064_20260419_034600.xlsx
2026-05-21 16:08:39,796 - INFO - 找到有效文件: NCT5614065_NCEAP40PT15D(M)-2B00_FA63-3064_20260419_074723.xlsx
2026-05-21 16:08:39,796 - INFO - 找到有效文件: NCT5614066_NCEAP40PT15D(M)-2B00_FA63-3064_20260419_221118.xlsx
2026-05-21 16:08:39,796 - INFO - 找到有效文件: NCT5614067_NCEAP40PT15D(M)-2B00_FA63-3064_20260420_024957.xlsx
2026-05-21 16:08:39,797 - INFO - 找到有效文件: NCT5615012_NCEAP40PT15D(M)-2B00_FA63-3198_20260420_162444.xlsx
2026-05-21 16:08:39,797 - INFO - 找到有效文件: NCT5615013_NCEAP40PT15D(M)-2B00_FA63-3198_20260420_095424.xlsx
2026-05-21 16:08:39,797 - INFO - 找到有效文件: NCT5615013_NCEAP40PT15D(M)-2B00_FA63-3198_20260420_122422.xlsx
2026-05-21 16:08:39,797 - INFO - 找到有效文件: NCT5615014_NCEAP40PT15D(M)-2B00_FA63-3198_20260426_073158.xlsx
2026-05-21 16:08:39,797 - INFO - 找到有效文件: NCT5615016_NCEAP40PT15D(M)-2B00_FA63-3198_20260420_192821.xlsx
2026-05-21 16:08:39,799 - INFO - 找到有效文件: NCT5615018_NCEAP40PT15D(M)-2B00_FA63-3198_20260426_045259.xlsx
2026-05-21 16:08:39,799 - INFO - 找到有效文件: NCT5615019_NCEAP40PT15D(M)-2B00_FA63-3198_20260426_085620.xlsx
2026-05-21 16:08:39,800 - INFO - 找到有效文件: NCT5615020_NCEAP40PT15D(M)-2B00_FA63-3453_20260422_020839.xlsx
2026-05-21 16:08:39,800 - INFO - 找到有效文件: NCT5615022_NCEAP40PT15D(M)-2B00_FA63-3453_20260421_105450.xlsx
2026-05-21 16:08:39,801 - INFO - 找到有效文件: NCT5615022_NCEAP40PT15D(M)-2B00_FA63-3453_20260421_121551.xlsx
2026-05-21 16:08:39,801 - INFO - 找到有效文件: NCT5615023_NCEAP40PT15D(M)-2B00_FA63-3453_20260422_140210.xlsx
2026-05-21 16:08:39,801 - INFO - 找到有效文件: NCT5615024_NCEAP40PT15D(M)-2B00_FA63-3453_20260421_034452.xlsx
2026-05-21 16:08:39,801 - INFO - 找到有效文件: NCT5615025_NCEAP40PT15D(M)-2B00_FA63-3453_20260421_223102.xlsx
2026-05-21 16:08:39,801 - INFO - 找到有效文件: NCT5615026_NCEAP40PT15D(M)-2B00_FA63-3453_20260421_155051.xlsx
2026-05-21 16:08:39,802 - INFO - 找到有效文件: NCT5615027_NCEAP40PT15D(M)-2B00_FA63-3453_20260421_073818.xlsx
2026-05-21 16:08:39,802 - INFO - 找到有效文件: NCT5615028_NCEAP40PT15D(M)-2B00_FA63-3453_20260422_035618.xlsx
2026-05-21 16:08:39,802 - INFO - 找到有效文件: NCT5615046_NCEAP40PT15D(M)-2B00_FA63-3462_20260424_190136.xlsx
2026-05-21 16:08:39,802 - INFO - 找到有效文件: NCT5615047_NCEAP40PT15D(M)-2B00_FA63-3462_20260423_015403.xlsx
2026-05-21 16:08:39,803 - INFO - 找到有效文件: NCT5615048_NCEAP40PT15D(M)-2B00_FA63-3462_20260422_073805.xlsx
2026-05-21 16:08:39,808 - INFO - 找到有效文件: NCT5615049_NCEAP40PT15D(M)-2B00_FA63-3462_20260423_142631.xlsx
2026-05-21 16:08:39,809 - INFO - 找到有效文件: NCT5615050_NCEAP40PT15D(M)-2B00_FA63-3462_20260422_110312.xlsx
2026-05-21 16:08:39,809 - INFO - 找到有效文件: NCT5615051_NCEAP40PT15D(M)-2B00_FA63-3462_20260424_155206.xlsx
2026-05-21 16:08:39,810 - INFO - 找到有效文件: NCT5615052_NCEAP40PT15D(M)-2B00_FA63-3462_20260423_105804.xlsx
2026-05-21 16:08:39,810 - INFO - 找到有效文件: NCT5615053_NCEAP40PT15D(M)-2B00_FA63-3462_20260423_043811.xlsx
2026-05-21 16:08:39,810 - INFO - 找到有效文件: NCT5615054_NCEAP40PT15D(M)-2B00_FA63-3462_20260427_172523.xlsx
2026-05-21 16:08:39,810 - INFO - 找到有效文件: NCT5615057_NCEAP40PT15D(M)-2B00_FA63-3459_20260422_225230.xlsx
2026-05-21 16:08:39,811 - INFO - 找到有效文件: NCT5615058_NCEAP40PT15D(M)-2B00_FA63-3459_20260422_153941.xlsx
2026-05-21 16:08:39,811 - INFO - 找到有效文件: NCT5615058_NCEAP40PT15D(M)-2B00_FA63-3459_20260422_192441.xlsx
2026-05-21 16:08:39,811 - INFO - 找到有效文件: NCT5615059_NCEAP40PT15D(M)-2B00_FA63-3459_20260426_171439.xlsx
2026-05-21 16:08:39,811 - INFO - 找到有效文件: NCT5615061_NCEAP40PT15D(M)-2B00_FA63-3459_20260502_043822.xlsx
2026-05-21 16:08:39,812 - INFO - 找到有效文件: NCT5616015_NCEAP40PT15D(M)-2B00_FA63-3607_20260427_071137.xlsx
2026-05-21 16:08:39,812 - INFO - 找到有效文件: NCT5616017_NCEAP40PT15D(M)-2B00_FA63-3607_20260426_043917.xlsx
2026-05-21 16:08:39,812 - INFO - 找到有效文件: NCT5616018_NCEAP40PT15D(M)-2B00_FA63-3607_20260426_143413.xlsx
2026-05-21 16:08:39,812 - INFO - 找到有效文件: NCT5616024_NCEAP40PT15D(M)-2B00_FA63-3705_20260427_015652.xlsx
2026-05-21 16:08:39,813 - INFO - 找到有效文件: NCT5616025_NCEAP40PT15D(M)-2B00_FA63-3705_20260425_194118.xlsx
2026-05-21 16:08:39,813 - INFO - 找到有效文件: NCT5616026_NCEAP40PT15D(M)-2B00_FA63-3705_20260425_161342.xlsx
2026-05-21 16:08:39,813 - INFO - 找到有效文件: NCT5616027_NCEAP40PT15D(M)-2B00_FA63-3705_20260426_005719.xlsx
2026-05-21 16:08:39,816 - INFO - 找到有效文件: NCT5616028_NCEAP40PT15D(M)-2B00_FA63-3705_20260427_155033.xlsx
2026-05-21 16:08:39,818 - INFO - 找到有效文件: NCT5616029_NCEAP40PT15D(M)-2B00_FA63-3705_20260425_221218.xlsx
2026-05-21 16:08:39,819 - INFO - 找到有效文件: NCT5616030_NCEAP40PT15D(M)-2B00_FA63-3705_20260427_100139.xlsx
2026-05-21 16:08:39,819 - INFO - 找到有效文件: NCT5616031_NCEAP40PT15D(M)-2B00_FA63-3705_20260427_123153.xlsx
2026-05-21 16:08:39,819 - INFO - 共找到 181 个有效的xlsx文件
2026-05-21 16:08:39,819 - INFO - === Phase 2: 提取DVDS数据 ===
2026-05-21 16:08:39,820 - INFO - 开始提取DVDS数据: NCT5605001_NCEAP40PT15D(M)-2B00_FA61-3788_20260210_222338.xlsx
2026-05-21 16:08:39,964 - INFO - 快速读取Excel: NCT5605001_NCEAP40PT15D(M)-2B00_FA61-3788_20260210_222338.xlsx (6318行x46列) 耗时: 0.144秒
2026-05-21 16:08:39,965 - INFO - 文件形状: (6318, 46)
2026-05-21 16:08:39,966 - INFO - 找到DVDS列在第12列
2026-05-21 16:08:39,966 - INFO - DVDS单位: nan
2026-05-21 16:08:39,967 - WARNING - 第19行第1列不是'Test No.': NCT5605001_NCEAP40PT15D(M)-2B00_FA61-3788_20260210_222338.xlsx
2026-05-21 16:08:40,031 - INFO - 成功提取 6298 个DVDS数据点
2026-05-21 16:08:40,033 - INFO - 成功创建DataFrame: (6298, 2)
2026-05-21 16:08:40,034 - INFO - 开始提取DVDS数据: NCT5605002_NCEAP40PT15D(M)-2B00_FA61-3788_20260209_125428.xlsx
2026-05-21 16:08:40,170 - INFO - 快速读取Excel: NCT5605002_NCEAP40PT15D(M)-2B00_FA61-3788_20260209_125428.xlsx (6417行x46列) 耗时: 0.136秒
2026-05-21 16:08:40,171 - INFO - 文件形状: (6417, 46)
2026-05-21 16:08:40,172 - INFO - 找到DVDS列在第12列
2026-05-21 16:08:40,173 - INFO - DVDS单位: nan
2026-05-21 16:08:40,173 - WARNING - 第19行第1列不是'Test No.': NCT5605002_NCEAP40PT15D(M)-2B00_FA61-3788_20260209_125428.xlsx
2026-05-21 16:08:40,245 - INFO - 成功提取 6393 个DVDS数据点
2026-05-21 16:08:40,247 - INFO - 成功创建DataFrame: (6393, 2)
2026-05-21 16:08:40,247 - INFO - 开始提取DVDS数据: NCT5605003_NCEAP40PT15D(M)-2B00_FA61-3788_20260209_100913.xlsx
2026-05-21 16:08:40,378 - INFO - 快速读取Excel: NCT5605003_NCEAP40PT15D(M)-2B00_FA61-3788_20260209_100913.xlsx (6363行x46列) 耗时: 0.130秒
2026-05-21 16:08:40,379 - INFO - 文件形状: (6363, 46)
2026-05-21 16:08:40,379 - INFO - 找到DVDS列在第12列
2026-05-21 16:08:40,380 - INFO - DVDS单位: nan
2026-05-21 16:08:40,383 - WARNING - 第19行第1列不是'Test No.': NCT5605003_NCEAP40PT15D(M)-2B00_FA61-3788_20260209_100913.xlsx
2026-05-21 16:08:40,457 - INFO - 成功提取 6343 个DVDS数据点
2026-05-21 16:08:40,459 - INFO - 成功创建DataFrame: (6343, 2)
2026-05-21 16:08:40,460 - INFO - 开始提取DVDS数据: NCT5605004_NCEAP40PT15D(M)-2B00_FA61-3788_20260210_190259.xlsx
2026-05-21 16:08:40,599 - INFO - 快速读取Excel: NCT5605004_NCEAP40PT15D(M)-2B00_FA61-3788_20260210_190259.xlsx (6411行x46列) 耗时: 0.139秒
2026-05-21 16:08:40,600 - INFO - 文件形状: (6411, 46)
2026-05-21 16:08:40,603 - INFO - 找到DVDS列在第12列
2026-05-21 16:08:40,604 - INFO - DVDS单位: nan
2026-05-21 16:08:40,604 - WARNING - 第19行第1列不是'Test No.': NCT5605004_NCEAP40PT15D(M)-2B00_FA61-3788_20260210_190259.xlsx
2026-05-21 16:08:40,680 - INFO - 成功提取 6391 个DVDS数据点
2026-05-21 16:08:40,683 - INFO - 成功创建DataFrame: (6391, 2)
2026-05-21 16:08:40,684 - INFO - 开始提取DVDS数据: NCT5605005_NCEAP40PT15D(M)-2B00_FA61-3788_20260210_132641.xlsx
2026-05-21 16:08:40,820 - INFO - 快速读取Excel: NCT5605005_NCEAP40PT15D(M)-2B00_FA61-3788_20260210_132641.xlsx (6364行x46列) 耗时: 0.135秒
2026-05-21 16:08:40,821 - INFO - 文件形状: (6364, 46)
2026-05-21 16:08:40,822 - INFO - 找到DVDS列在第12列
2026-05-21 16:08:40,824 - INFO - DVDS单位: nan
2026-05-21 16:08:40,825 - WARNING - 第19行第1列不是'Test No.': NCT5605005_NCEAP40PT15D(M)-2B00_FA61-3788_20260210_132641.xlsx
2026-05-21 16:08:40,904 - INFO - 成功提取 6344 个DVDS数据点
2026-05-21 16:08:40,906 - INFO - 成功创建DataFrame: (6344, 2)
2026-05-21 16:08:40,908 - INFO - 开始提取DVDS数据: NCT5605006_NCEAP40PT15D(M)-2B00_FA61-3788_20260210_160219.xlsx
2026-05-21 16:08:41,044 - INFO - 快速读取Excel: NCT5605006_NCEAP40PT15D(M)-2B00_FA61-3788_20260210_160219.xlsx (6367行x46列) 耗时: 0.135秒
2026-05-21 16:08:41,044 - INFO - 文件形状: (6367, 46)
2026-05-21 16:08:41,044 - INFO - 找到DVDS列在第12列
2026-05-21 16:08:41,046 - INFO - DVDS单位: nan
2026-05-21 16:08:41,046 - WARNING - 第19行第1列不是'Test No.': NCT5605006_NCEAP40PT15D(M)-2B00_FA61-3788_20260210_160219.xlsx
2026-05-21 16:08:41,123 - INFO - 成功提取 6347 个DVDS数据点
2026-05-21 16:08:41,126 - INFO - 成功创建DataFrame: (6347, 2)
2026-05-21 16:08:41,126 - INFO - 开始提取DVDS数据: NCT5605007_NCEAP40PT15D(M)-2B00_FA61-3788_20260209_073435.xlsx
2026-05-21 16:08:41,278 - INFO - 快速读取Excel: NCT5605007_NCEAP40PT15D(M)-2B00_FA61-3788_20260209_073435.xlsx (6388行x46列) 耗时: 0.152秒
2026-05-21 16:08:41,278 - INFO - 文件形状: (6388, 46)
2026-05-21 16:08:41,280 - INFO - 找到DVDS列在第12列
2026-05-21 16:08:41,281 - INFO - DVDS单位: nan
2026-05-21 16:08:41,281 - WARNING - 第19行第1列不是'Test No.': NCT5605007_NCEAP40PT15D(M)-2B00_FA61-3788_20260209_073435.xlsx
2026-05-21 16:08:41,353 - INFO - 成功提取 6369 个DVDS数据点
2026-05-21 16:08:41,355 - INFO - 成功创建DataFrame: (6369, 2)
2026-05-21 16:08:41,355 - INFO - 开始提取DVDS数据: NCT5605008_NCEAP40PT15D(M)-2B00_FA61-3788_20260211_023924.xlsx
2026-05-21 16:08:41,474 - INFO - 快速读取Excel: NCT5605008_NCEAP40PT15D(M)-2B00_FA61-3788_20260211_023924.xlsx (5244行x46列) 耗时: 0.117秒
2026-05-21 16:08:41,474 - INFO - 文件形状: (5244, 46)
2026-05-21 16:08:41,475 - INFO - 找到DVDS列在第12列
2026-05-21 16:08:41,477 - INFO - DVDS单位: nan
2026-05-21 16:08:41,478 - WARNING - 第19行第1列不是'Test No.': NCT5605008_NCEAP40PT15D(M)-2B00_FA61-3788_20260211_023924.xlsx
2026-05-21 16:08:41,542 - INFO - 成功提取 5225 个DVDS数据点
2026-05-21 16:08:41,544 - INFO - 成功创建DataFrame: (5225, 2)
2026-05-21 16:08:41,545 - INFO - 开始提取DVDS数据: NCT5605009_NCEAP40PT15D(M)-2B00_FA61-3827_20260212_010704.xlsx
2026-05-21 16:08:41,672 - INFO - 快速读取Excel: NCT5605009_NCEAP40PT15D(M)-2B00_FA61-3827_20260212_010704.xlsx (6333行x46列) 耗时: 0.126秒
2026-05-21 16:08:41,673 - INFO - 文件形状: (6333, 46)
2026-05-21 16:08:41,675 - INFO - 找到DVDS列在第12列
2026-05-21 16:08:41,675 - INFO - DVDS单位: nan
2026-05-21 16:08:41,676 - WARNING - 第19行第1列不是'Test No.': NCT5605009_NCEAP40PT15D(M)-2B00_FA61-3827_20260212_010704.xlsx
2026-05-21 16:08:41,749 - INFO - 成功提取 6313 个DVDS数据点
2026-05-21 16:08:41,751 - INFO - 成功创建DataFrame: (6313, 2)
2026-05-21 16:08:41,752 - INFO - 开始提取DVDS数据: NCT5605010_NCEAP40PT15D(M)-2B00_FA61-3827_20260209_152833.xlsx
2026-05-21 16:08:41,890 - INFO - 快速读取Excel: NCT5605010_NCEAP40PT15D(M)-2B00_FA61-3827_20260209_152833.xlsx (6414行x46列) 耗时: 0.138秒
2026-05-21 16:08:41,890 - INFO - 文件形状: (6414, 46)
2026-05-21 16:08:41,892 - INFO - 找到DVDS列在第12列
2026-05-21 16:08:41,892 - INFO - DVDS单位: nan
2026-05-21 16:08:41,893 - WARNING - 第19行第1列不是'Test No.': NCT5605010_NCEAP40PT15D(M)-2B00_FA61-3827_20260209_152833.xlsx
2026-05-21 16:08:41,963 - INFO - 成功提取 6395 个DVDS数据点
2026-05-21 16:08:41,966 - INFO - 成功创建DataFrame: (6395, 2)
2026-05-21 16:08:41,966 - INFO - 开始提取DVDS数据: NCT5605011_NCEAP40PT15D(M)-2B00_FA61-3827_20260210_025825.xlsx
2026-05-21 16:08:42,237 - INFO - 快速读取Excel: NCT5605011_NCEAP40PT15D(M)-2B00_FA61-3827_20260210_025825.xlsx (9193行x46列) 耗时: 0.270秒
2026-05-21 16:08:42,238 - INFO - 文件形状: (9193, 46)
2026-05-21 16:08:42,239 - INFO - 找到DVDS列在第12列
2026-05-21 16:08:42,241 - INFO - DVDS单位: nan
2026-05-21 16:08:42,242 - WARNING - 第19行第1列不是'Test No.': NCT5605011_NCEAP40PT15D(M)-2B00_FA61-3827_20260210_025825.xlsx
2026-05-21 16:08:42,436 - INFO - 成功提取 9169 个DVDS数据点
2026-05-21 16:08:42,440 - INFO - 成功创建DataFrame: (9169, 2)
2026-05-21 16:08:42,441 - INFO - 开始提取DVDS数据: NCT5605012_NCEAP40PT15D(M)-2B00_FA61-3827_20260209_222905.xlsx
2026-05-21 16:08:42,664 - INFO - 快速读取Excel: NCT5605012_NCEAP40PT15D(M)-2B00_FA61-3827_20260209_222905.xlsx (6409行x46列) 耗时: 0.222秒
2026-05-21 16:08:42,665 - INFO - 文件形状: (6409, 46)
2026-05-21 16:08:42,666 - INFO - 找到DVDS列在第12列
2026-05-21 16:08:42,668 - INFO - DVDS单位: nan
2026-05-21 16:08:42,670 - WARNING - 第19行第1列不是'Test No.': NCT5605012_NCEAP40PT15D(M)-2B00_FA61-3827_20260209_222905.xlsx
2026-05-21 16:08:42,808 - INFO - 成功提取 6387 个DVDS数据点
2026-05-21 16:08:42,810 - INFO - 成功创建DataFrame: (6387, 2)
2026-05-21 16:08:42,813 - INFO - 开始提取DVDS数据: NCT5605013_NCEAP40PT15D(M)-2B00_FA61-3827_20260210_103016.xlsx
2026-05-21 16:08:42,996 - INFO - 快速读取Excel: NCT5605013_NCEAP40PT15D(M)-2B00_FA61-3827_20260210_103016.xlsx (6387行x46列) 耗时: 0.182秒
2026-05-21 16:08:42,997 - INFO - 文件形状: (6387, 46)
2026-05-21 16:08:42,998 - INFO - 找到DVDS列在第12列
2026-05-21 16:08:43,000 - INFO - DVDS单位: nan
2026-05-21 16:08:43,000 - WARNING - 第19行第1列不是'Test No.': NCT5605013_NCEAP40PT15D(M)-2B00_FA61-3827_20260210_103016.xlsx
2026-05-21 16:08:43,120 - INFO - 成功提取 6363 个DVDS数据点
2026-05-21 16:08:43,124 - INFO - 成功创建DataFrame: (6363, 2)
2026-05-21 16:08:43,125 - INFO - 开始提取DVDS数据: NCT5605014_NCEAP40PT15D(M)-2B00_FA61-3827_20260210_055053.xlsx
2026-05-21 16:08:43,323 - INFO - 快速读取Excel: NCT5605014_NCEAP40PT15D(M)-2B00_FA61-3827_20260210_055053.xlsx (6396行x46列) 耗时: 0.198秒
2026-05-21 16:08:43,324 - INFO - 文件形状: (6396, 46)
2026-05-21 16:08:43,325 - INFO - 找到DVDS列在第12列
2026-05-21 16:08:43,327 - INFO - DVDS单位: nan
2026-05-21 16:08:43,328 - WARNING - 第19行第1列不是'Test No.': NCT5605014_NCEAP40PT15D(M)-2B00_FA61-3827_20260210_055053.xlsx
2026-05-21 16:08:43,448 - INFO - 成功提取 6377 个DVDS数据点
2026-05-21 16:08:43,451 - INFO - 成功创建DataFrame: (6377, 2)
2026-05-21 16:08:43,452 - INFO - 开始提取DVDS数据: NCT5605015_NCEAP40PT15D(M)-2B00_FA61-3827_20260209_175758.xlsx
2026-05-21 16:08:43,649 - INFO - 快速读取Excel: NCT5605015_NCEAP40PT15D(M)-2B00_FA61-3827_20260209_175758.xlsx (6394行x46列) 耗时: 0.196秒
2026-05-21 16:08:43,650 - INFO - 文件形状: (6394, 46)
2026-05-21 16:08:43,651 - INFO - 找到DVDS列在第12列
2026-05-21 16:08:43,651 - INFO - DVDS单位: nan
2026-05-21 16:08:43,652 - WARNING - 第19行第1列不是'Test No.': NCT5605015_NCEAP40PT15D(M)-2B00_FA61-3827_20260209_175758.xlsx
2026-05-21 16:08:43,786 - INFO - 成功提取 6375 个DVDS数据点
2026-05-21 16:08:43,789 - INFO - 成功创建DataFrame: (6375, 2)
2026-05-21 16:08:43,791 - INFO - 开始提取DVDS数据: NCT5605016_NCEAP40PT15D(M)-2B00_FA61-3827_20260212_033851.xlsx
2026-05-21 16:08:43,932 - INFO - 快速读取Excel: NCT5605016_NCEAP40PT15D(M)-2B00_FA61-3827_20260212_033851.xlsx (3893行x46列) 耗时: 0.141秒
2026-05-21 16:08:43,933 - INFO - 文件形状: (3893, 46)
2026-05-21 16:08:43,935 - INFO - 找到DVDS列在第12列
2026-05-21 16:08:43,936 - INFO - DVDS单位: nan
2026-05-21 16:08:43,936 - WARNING - 第19行第1列不是'Test No.': NCT5605016_NCEAP40PT15D(M)-2B00_FA61-3827_20260212_033851.xlsx
2026-05-21 16:08:44,033 - INFO - 成功提取 3872 个DVDS数据点
2026-05-21 16:08:44,036 - INFO - 成功创建DataFrame: (3872, 2)
2026-05-21 16:08:44,038 - INFO - 开始提取DVDS数据: NCT5605016_NCEAP40PT15D(M)-2B00_FA61-3827_20260212_050607.xlsx
2026-05-21 16:08:44,163 - INFO - 快速读取Excel: NCT5605016_NCEAP40PT15D(M)-2B00_FA61-3827_20260212_050607.xlsx (3458行x46列) 耗时: 0.125秒
2026-05-21 16:08:44,164 - INFO - 文件形状: (3458, 46)
2026-05-21 16:08:44,166 - INFO - 找到DVDS列在第12列
2026-05-21 16:08:44,167 - INFO - DVDS单位: nan
2026-05-21 16:08:44,167 - WARNING - 第19行第1列不是'Test No.': NCT5605016_NCEAP40PT15D(M)-2B00_FA61-3827_20260212_050607.xlsx
2026-05-21 16:08:44,249 - INFO - 成功提取 3435 个DVDS数据点
2026-05-21 16:08:44,251 - INFO - 成功创建DataFrame: (3435, 2)
2026-05-21 16:08:44,254 - INFO - 开始提取DVDS数据: NCT5605025_NCEAP40PT15D(M)-2B00_FA61-3846_20260212_110443.xlsx
2026-05-21 16:08:44,496 - INFO - 快速读取Excel: NCT5605025_NCEAP40PT15D(M)-2B00_FA61-3846_20260212_110443.xlsx (6403行x46列) 耗时: 0.241秒
2026-05-21 16:08:44,497 - INFO - 文件形状: (6403, 46)
2026-05-21 16:08:44,499 - INFO - 找到DVDS列在第12列
2026-05-21 16:08:44,499 - INFO - DVDS单位: nan
2026-05-21 16:08:44,500 - WARNING - 第19行第1列不是'Test No.': NCT5605025_NCEAP40PT15D(M)-2B00_FA61-3846_20260212_110443.xlsx
2026-05-21 16:08:44,663 - INFO - 成功提取 6379 个DVDS数据点
2026-05-21 16:08:44,667 - INFO - 成功创建DataFrame: (6379, 2)
2026-05-21 16:08:44,667 - INFO - 开始提取DVDS数据: NCT5605026_NCEAP40PT15D(M)-2B00_FA61-3846_20260211_130809.xlsx
2026-05-21 16:08:44,901 - INFO - 快速读取Excel: NCT5605026_NCEAP40PT15D(M)-2B00_FA61-3846_20260211_130809.xlsx (6407行x46列) 耗时: 0.231秒
2026-05-21 16:08:44,901 - INFO - 文件形状: (6407, 46)
2026-05-21 16:08:44,903 - INFO - 找到DVDS列在第12列
2026-05-21 16:08:44,904 - INFO - DVDS单位: nan
2026-05-21 16:08:44,904 - WARNING - 第19行第1列不是'Test No.': NCT5605026_NCEAP40PT15D(M)-2B00_FA61-3846_20260211_130809.xlsx
2026-05-21 16:08:45,062 - INFO - 成功提取 6381 个DVDS数据点
2026-05-21 16:08:45,065 - INFO - 成功创建DataFrame: (6381, 2)
2026-05-21 16:08:45,068 - INFO - 开始提取DVDS数据: NCT5605027_NCEAP40PT15D(M)-2B00_FA61-3846_20260211_153908.xlsx
2026-05-21 16:08:45,313 - INFO - 快速读取Excel: NCT5605027_NCEAP40PT15D(M)-2B00_FA61-3846_20260211_153908.xlsx (6402行x46列) 耗时: 0.243秒
2026-05-21 16:08:45,313 - INFO - 文件形状: (6402, 46)
2026-05-21 16:08:45,315 - INFO - 找到DVDS列在第12列
2026-05-21 16:08:45,315 - INFO - DVDS单位: nan
2026-05-21 16:08:45,316 - WARNING - 第19行第1列不是'Test No.': NCT5605027_NCEAP40PT15D(M)-2B00_FA61-3846_20260211_153908.xlsx
2026-05-21 16:08:45,479 - INFO - 成功提取 6381 个DVDS数据点
2026-05-21 16:08:45,482 - INFO - 成功创建DataFrame: (6381, 2)
2026-05-21 16:08:45,483 - INFO - 开始提取DVDS数据: NCT5605028_NCEAP40PT15D(M)-2B00_FA61-3846_20260211_223120.xlsx
2026-05-21 16:08:45,703 - INFO - 快速读取Excel: NCT5605028_NCEAP40PT15D(M)-2B00_FA61-3846_20260211_223120.xlsx (6384行x46列) 耗时: 0.220秒
2026-05-21 16:08:45,703 - INFO - 文件形状: (6384, 46)
2026-05-21 16:08:45,705 - INFO - 找到DVDS列在第12列
2026-05-21 16:08:45,706 - INFO - DVDS单位: nan
2026-05-21 16:08:45,706 - WARNING - 第19行第1列不是'Test No.': NCT5605028_NCEAP40PT15D(M)-2B00_FA61-3846_20260211_223120.xlsx
2026-05-21 16:08:45,852 - INFO - 成功提取 6355 个DVDS数据点
2026-05-21 16:08:45,856 - INFO - 成功创建DataFrame: (6355, 2)
2026-05-21 16:08:45,857 - INFO - 开始提取DVDS数据: NCT5605029_NCEAP40PT15D(M)-2B00_FA61-3846_20260211_041808.xlsx
2026-05-21 16:08:45,891 - INFO - 快速读取Excel: NCT5605029_NCEAP40PT15D(M)-2B00_FA61-3846_20260211_041808.xlsx (916行x46列) 耗时: 0.034秒
2026-05-21 16:08:45,892 - INFO - 文件形状: (916, 46)
2026-05-21 16:08:45,893 - INFO - 找到DVDS列在第12列
2026-05-21 16:08:45,895 - INFO - DVDS单位: nan
2026-05-21 16:08:45,896 - WARNING - 第19行第1列不是'Test No.': NCT5605029_NCEAP40PT15D(M)-2B00_FA61-3846_20260211_041808.xlsx
2026-05-21 16:08:45,911 - INFO - 成功提取 897 个DVDS数据点
2026-05-21 16:08:45,912 - INFO - 成功创建DataFrame: (897, 2)
2026-05-21 16:08:45,913 - INFO - 开始提取DVDS数据: NCT5605029_NCEAP40PT15D(M)-2B00_FA61-3846_20260212_135445.xlsx
2026-05-21 16:08:46,101 - INFO - 快速读取Excel: NCT5605029_NCEAP40PT15D(M)-2B00_FA61-3846_20260212_135445.xlsx (5502行x46列) 耗时: 0.187秒
2026-05-21 16:08:46,102 - INFO - 文件形状: (5502, 46)
2026-05-21 16:08:46,103 - INFO - 找到DVDS列在第12列
2026-05-21 16:08:46,104 - INFO - DVDS单位: nan
2026-05-21 16:08:46,105 - WARNING - 第19行第1列不是'Test No.': NCT5605029_NCEAP40PT15D(M)-2B00_FA61-3846_20260212_135445.xlsx
2026-05-21 16:08:46,227 - INFO - 成功提取 5479 个DVDS数据点
2026-05-21 16:08:46,230 - INFO - 成功创建DataFrame: (5479, 2)
2026-05-21 16:08:46,231 - INFO - 开始提取DVDS数据: NCT5605030_NCEAP40PT15D(M)-2B00_FA61-3846_20260211_102933.xlsx
2026-05-21 16:08:46,433 - INFO - 快速读取Excel: NCT5605030_NCEAP40PT15D(M)-2B00_FA61-3846_20260211_102933.xlsx (6379行x46列) 耗时: 0.201秒
2026-05-21 16:08:46,434 - INFO - 文件形状: (6379, 46)
2026-05-21 16:08:46,435 - INFO - 找到DVDS列在第12列
2026-05-21 16:08:46,437 - INFO - DVDS单位: nan
2026-05-21 16:08:46,438 - WARNING - 第19行第1列不是'Test No.': NCT5605030_NCEAP40PT15D(M)-2B00_FA61-3846_20260211_102933.xlsx
2026-05-21 16:08:46,576 - INFO - 成功提取 6360 个DVDS数据点
2026-05-21 16:08:46,581 - INFO - 成功创建DataFrame: (6360, 2)
2026-05-21 16:08:46,582 - INFO - 开始提取DVDS数据: NCT5605031_NCEAP40PT15D(M)-2B00_FA61-3846_20260211_070924.xlsx
2026-05-21 16:08:46,787 - INFO - 快速读取Excel: NCT5605031_NCEAP40PT15D(M)-2B00_FA61-3846_20260211_070924.xlsx (6395行x46列) 耗时: 0.204秒
2026-05-21 16:08:46,787 - INFO - 文件形状: (6395, 46)
2026-05-21 16:08:46,788 - INFO - 找到DVDS列在第12列
2026-05-21 16:08:46,791 - INFO - DVDS单位: nan
2026-05-21 16:08:46,791 - WARNING - 第19行第1列不是'Test No.': NCT5605031_NCEAP40PT15D(M)-2B00_FA61-3846_20260211_070924.xlsx
2026-05-21 16:08:46,935 - INFO - 成功提取 6370 个DVDS数据点
2026-05-21 16:08:46,938 - INFO - 成功创建DataFrame: (6370, 2)
2026-05-21 16:08:46,939 - INFO - 开始提取DVDS数据: NCT5605032_NCEAP40PT15D(M)-2B00_FA61-3846_20260211_193207.xlsx
2026-05-21 16:08:47,198 - INFO - 快速读取Excel: NCT5605032_NCEAP40PT15D(M)-2B00_FA61-3846_20260211_193207.xlsx (7981行x46列) 耗时: 0.258秒
2026-05-21 16:08:47,199 - INFO - 文件形状: (7981, 46)
2026-05-21 16:08:47,200 - INFO - 找到DVDS列在第12列
2026-05-21 16:08:47,202 - INFO - DVDS单位: nan
2026-05-21 16:08:47,203 - WARNING - 第19行第1列不是'Test No.': NCT5605032_NCEAP40PT15D(M)-2B00_FA61-3846_20260211_193207.xlsx
2026-05-21 16:08:47,376 - INFO - 成功提取 7954 个DVDS数据点
2026-05-21 16:08:47,382 - INFO - 成功创建DataFrame: (7954, 2)
2026-05-21 16:08:47,383 - INFO - 开始提取DVDS数据: NCT5608001_NCEAP40PT15D(M)-2B00_FA62-5790_20260316_102449.xlsx
2026-05-21 16:08:47,612 - INFO - 快速读取Excel: NCT5608001_NCEAP40PT15D(M)-2B00_FA62-5790_20260316_102449.xlsx (6384行x46列) 耗时: 0.229秒
2026-05-21 16:08:47,612 - INFO - 文件形状: (6384, 46)
2026-05-21 16:08:47,613 - INFO - 找到DVDS列在第12列
2026-05-21 16:08:47,615 - INFO - DVDS单位: nan
2026-05-21 16:08:47,615 - WARNING - 第19行第1列不是'Test No.': NCT5608001_NCEAP40PT15D(M)-2B00_FA62-5790_20260316_102449.xlsx
2026-05-21 16:08:47,770 - INFO - 成功提取 6358 个DVDS数据点
2026-05-21 16:08:47,772 - INFO - 成功创建DataFrame: (6358, 2)
2026-05-21 16:08:47,774 - INFO - 开始提取DVDS数据: NCT5608002_NCEAP40PT15D(M)-2B00_FA62-5790_20260321_170422.xlsx
2026-05-21 16:08:47,993 - INFO - 快速读取Excel: NCT5608002_NCEAP40PT15D(M)-2B00_FA62-5790_20260321_170422.xlsx (6384行x46列) 耗时: 0.218秒
2026-05-21 16:08:47,993 - INFO - 文件形状: (6384, 46)
2026-05-21 16:08:47,995 - INFO - 找到DVDS列在第12列
2026-05-21 16:08:47,995 - INFO - DVDS单位: nan
2026-05-21 16:08:47,995 - WARNING - 第19行第1列不是'Test No.': NCT5608002_NCEAP40PT15D(M)-2B00_FA62-5790_20260321_170422.xlsx
2026-05-21 16:08:48,150 - INFO - 成功提取 6361 个DVDS数据点
2026-05-21 16:08:48,154 - INFO - 成功创建DataFrame: (6361, 2)
2026-05-21 16:08:48,157 - INFO - 开始提取DVDS数据: NCT5608003_NCEAP40PT15D(M)-2B00_FA62-5790_20260315_134825.xlsx
2026-05-21 16:08:48,472 - INFO - 快速读取Excel: NCT5608003_NCEAP40PT15D(M)-2B00_FA62-5790_20260315_134825.xlsx (9208行x46列) 耗时: 0.312秒
2026-05-21 16:08:48,472 - INFO - 文件形状: (9208, 46)
2026-05-21 16:08:48,473 - INFO - 找到DVDS列在第12列
2026-05-21 16:08:48,476 - INFO - DVDS单位: nan
2026-05-21 16:08:48,476 - WARNING - 第19行第1列不是'Test No.': NCT5608003_NCEAP40PT15D(M)-2B00_FA62-5790_20260315_134825.xlsx
2026-05-21 16:08:48,683 - INFO - 成功提取 9181 个DVDS数据点
2026-05-21 16:08:48,687 - INFO - 成功创建DataFrame: (9181, 2)
2026-05-21 16:08:48,688 - INFO - 开始提取DVDS数据: NCT5608004_NCEAP40PT15D(M)-2B00_FA62-5790_20260313_091222.xlsx
2026-05-21 16:08:48,877 - INFO - 快速读取Excel: NCT5608004_NCEAP40PT15D(M)-2B00_FA62-5790_20260313_091222.xlsx (6376行x46列) 耗时: 0.188秒
2026-05-21 16:08:48,878 - INFO - 文件形状: (6376, 46)
2026-05-21 16:08:48,878 - INFO - 找到DVDS列在第12列
2026-05-21 16:08:48,880 - INFO - DVDS单位: nan
2026-05-21 16:08:48,880 - WARNING - 第19行第1列不是'Test No.': NCT5608004_NCEAP40PT15D(M)-2B00_FA62-5790_20260313_091222.xlsx
2026-05-21 16:08:49,020 - INFO - 成功提取 6355 个DVDS数据点
2026-05-21 16:08:49,022 - INFO - 成功创建DataFrame: (6355, 2)
2026-05-21 16:08:49,024 - INFO - 开始提取DVDS数据: NCT5608005_NCEAP40PT15D(M)-2B00_FA62-5790_20260315_043911.xlsx
2026-05-21 16:08:49,227 - INFO - 快速读取Excel: NCT5608005_NCEAP40PT15D(M)-2B00_FA62-5790_20260315_043911.xlsx (6389行x46列) 耗时: 0.201秒
2026-05-21 16:08:49,229 - INFO - 文件形状: (6389, 46)
2026-05-21 16:08:49,231 - INFO - 找到DVDS列在第12列
2026-05-21 16:08:49,231 - INFO - DVDS单位: nan
2026-05-21 16:08:49,232 - WARNING - 第19行第1列不是'Test No.': NCT5608005_NCEAP40PT15D(M)-2B00_FA62-5790_20260315_043911.xlsx
2026-05-21 16:08:49,367 - INFO - 成功提取 6368 个DVDS数据点
2026-05-21 16:08:49,370 - INFO - 成功创建DataFrame: (6368, 2)
2026-05-21 16:08:49,372 - INFO - 开始提取DVDS数据: NCT5608006_NCEAP40PT15D(M)-2B00_FA62-5790_20260315_074234.xlsx
2026-05-21 16:08:49,587 - INFO - 快速读取Excel: NCT5608006_NCEAP40PT15D(M)-2B00_FA62-5790_20260315_074234.xlsx (6369行x46列) 耗时: 0.215秒
2026-05-21 16:08:49,589 - INFO - 文件形状: (6369, 46)
2026-05-21 16:08:49,590 - INFO - 找到DVDS列在第12列
2026-05-21 16:08:49,591 - INFO - DVDS单位: nan
2026-05-21 16:08:49,591 - WARNING - 第19行第1列不是'Test No.': NCT5608006_NCEAP40PT15D(M)-2B00_FA62-5790_20260315_074234.xlsx
2026-05-21 16:08:49,746 - INFO - 成功提取 6348 个DVDS数据点
2026-05-21 16:08:49,748 - INFO - 成功创建DataFrame: (6348, 2)
2026-05-21 16:08:49,750 - INFO - 开始提取DVDS数据: NCT5608007_NCEAP40PT15D(M)-2B00_FA62-5790_20260313_114243.xlsx
2026-05-21 16:08:49,956 - INFO - 快速读取Excel: NCT5608007_NCEAP40PT15D(M)-2B00_FA62-5790_20260313_114243.xlsx (6405行x46列) 耗时: 0.205秒
2026-05-21 16:08:49,956 - INFO - 文件形状: (6405, 46)
2026-05-21 16:08:49,957 - INFO - 找到DVDS列在第12列
2026-05-21 16:08:49,960 - INFO - DVDS单位: nan
2026-05-21 16:08:49,961 - WARNING - 第19行第1列不是'Test No.': NCT5608007_NCEAP40PT15D(M)-2B00_FA62-5790_20260313_114243.xlsx
2026-05-21 16:08:50,094 - INFO - 成功提取 6383 个DVDS数据点
2026-05-21 16:08:50,097 - INFO - 成功创建DataFrame: (6383, 2)
2026-05-21 16:08:50,098 - INFO - 开始提取DVDS数据: NCT5608008_NCEAP40PT15D(M)-2B00_FA62-5790_20260316_070811.xlsx
2026-05-21 16:08:50,356 - INFO - 快速读取Excel: NCT5608008_NCEAP40PT15D(M)-2B00_FA62-5790_20260316_070811.xlsx (7408行x46列) 耗时: 0.257秒
2026-05-21 16:08:50,358 - INFO - 文件形状: (7408, 46)
2026-05-21 16:08:50,360 - INFO - 找到DVDS列在第12列
2026-05-21 16:08:50,360 - INFO - DVDS单位: nan
2026-05-21 16:08:50,360 - WARNING - 第19行第1列不是'Test No.': NCT5608008_NCEAP40PT15D(M)-2B00_FA62-5790_20260316_070811.xlsx
2026-05-21 16:08:50,564 - INFO - 成功提取 7387 个DVDS数据点
2026-05-21 16:08:50,569 - INFO - 成功创建DataFrame: (7387, 2)
2026-05-21 16:08:50,571 - INFO - 开始提取DVDS数据: NCT5608009_NCEAP40PT15D(M)-2B00_FA62-2945_20260315_103855.xlsx
2026-05-21 16:08:50,782 - INFO - 快速读取Excel: NCT5608009_NCEAP40PT15D(M)-2B00_FA62-2945_20260315_103855.xlsx (6393行x46列) 耗时: 0.211秒
2026-05-21 16:08:50,782 - INFO - 文件形状: (6393, 46)
2026-05-21 16:08:50,784 - INFO - 找到DVDS列在第12列
2026-05-21 16:08:50,786 - INFO - DVDS单位: nan
2026-05-21 16:08:50,786 - WARNING - 第19行第1列不是'Test No.': NCT5608009_NCEAP40PT15D(M)-2B00_FA62-2945_20260315_103855.xlsx
2026-05-21 16:08:50,931 - INFO - 成功提取 6372 个DVDS数据点
2026-05-21 16:08:50,935 - INFO - 成功创建DataFrame: (6372, 2)
2026-05-21 16:08:50,935 - INFO - 开始提取DVDS数据: NCT5608010_NCEAP40PT15D(M)-2B00_FA62-2945_20260315_115732.xlsx
2026-05-21 16:08:51,151 - INFO - 快速读取Excel: NCT5608010_NCEAP40PT15D(M)-2B00_FA62-2945_20260315_115732.xlsx (6409行x46列) 耗时: 0.214秒
2026-05-21 16:08:51,151 - INFO - 文件形状: (6409, 46)
2026-05-21 16:08:51,153 - INFO - 找到DVDS列在第12列
2026-05-21 16:08:51,153 - INFO - DVDS单位: nan
2026-05-21 16:08:51,153 - WARNING - 第19行第1列不是'Test No.': NCT5608010_NCEAP40PT15D(M)-2B00_FA62-2945_20260315_115732.xlsx
2026-05-21 16:08:51,288 - INFO - 成功提取 6387 个DVDS数据点
2026-05-21 16:08:51,291 - INFO - 成功创建DataFrame: (6387, 2)
2026-05-21 16:08:51,292 - INFO - 开始提取DVDS数据: NCT5608011_NCEAP40PT15D(M)-2B00_FA62-2945_20260315_165849.xlsx
2026-05-21 16:08:51,580 - INFO - 快速读取Excel: NCT5608011_NCEAP40PT15D(M)-2B00_FA62-2945_20260315_165849.xlsx (9212行x46列) 耗时: 0.285秒
2026-05-21 16:08:51,581 - INFO - 文件形状: (9212, 46)
2026-05-21 16:08:51,581 - INFO - 找到DVDS列在第12列
2026-05-21 16:08:51,584 - INFO - DVDS单位: nan
2026-05-21 16:08:51,584 - WARNING - 第19行第1列不是'Test No.': NCT5608011_NCEAP40PT15D(M)-2B00_FA62-2945_20260315_165849.xlsx
2026-05-21 16:08:51,802 - INFO - 成功提取 9192 个DVDS数据点
2026-05-21 16:08:51,805 - INFO - 成功创建DataFrame: (9192, 2)
2026-05-21 16:08:51,807 - INFO - 开始提取DVDS数据: NCT5609001_NCEAP40PT15D(M)-2B00_FA62-2945_20260315_014115.xlsx
2026-05-21 16:08:52,005 - INFO - 快速读取Excel: NCT5609001_NCEAP40PT15D(M)-2B00_FA62-2945_20260315_014115.xlsx (6407行x46列) 耗时: 0.199秒
2026-05-21 16:08:52,006 - INFO - 文件形状: (6407, 46)
2026-05-21 16:08:52,008 - INFO - 找到DVDS列在第12列
2026-05-21 16:08:52,009 - INFO - DVDS单位: nan
2026-05-21 16:08:52,010 - WARNING - 第19行第1列不是'Test No.': NCT5609001_NCEAP40PT15D(M)-2B00_FA62-2945_20260315_014115.xlsx
2026-05-21 16:08:52,158 - INFO - 成功提取 6384 个DVDS数据点
2026-05-21 16:08:52,162 - INFO - 成功创建DataFrame: (6384, 2)
2026-05-21 16:08:52,163 - INFO - 开始提取DVDS数据: NCT5609002_NCEAP40PT15D(M)-2B00_FA62-2945_20260315_214520.xlsx
2026-05-21 16:08:52,382 - INFO - 快速读取Excel: NCT5609002_NCEAP40PT15D(M)-2B00_FA62-2945_20260315_214520.xlsx (6408行x46列) 耗时: 0.218秒
2026-05-21 16:08:52,383 - INFO - 文件形状: (6408, 46)
2026-05-21 16:08:52,383 - INFO - 找到DVDS列在第12列
2026-05-21 16:08:52,386 - INFO - DVDS单位: nan
2026-05-21 16:08:52,387 - WARNING - 第19行第1列不是'Test No.': NCT5609002_NCEAP40PT15D(M)-2B00_FA62-2945_20260315_214520.xlsx
2026-05-21 16:08:52,510 - INFO - 成功提取 6385 个DVDS数据点
2026-05-21 16:08:52,513 - INFO - 成功创建DataFrame: (6385, 2)
2026-05-21 16:08:52,514 - INFO - 开始提取DVDS数据: NCT5609003_NCEAP40PT15D(M)-2B00_FA62-2945_20260315_094522.xlsx
2026-05-21 16:08:52,708 - INFO - 快速读取Excel: NCT5609003_NCEAP40PT15D(M)-2B00_FA62-2945_20260315_094522.xlsx (6410行x46列) 耗时: 0.193秒
2026-05-21 16:08:52,709 - INFO - 文件形状: (6410, 46)
2026-05-21 16:08:52,710 - INFO - 找到DVDS列在第12列
2026-05-21 16:08:52,712 - INFO - DVDS单位: nan
2026-05-21 16:08:52,712 - WARNING - 第19行第1列不是'Test No.': NCT5609003_NCEAP40PT15D(M)-2B00_FA62-2945_20260315_094522.xlsx
2026-05-21 16:08:52,874 - INFO - 成功提取 6391 个DVDS数据点
2026-05-21 16:08:52,876 - INFO - 成功创建DataFrame: (6391, 2)
2026-05-21 16:08:52,880 - INFO - 开始提取DVDS数据: NCT5609004_NCEAP40PT15D(M)-2B00_FA62-2945_20260315_140840.xlsx
2026-05-21 16:08:53,089 - INFO - 快速读取Excel: NCT5609004_NCEAP40PT15D(M)-2B00_FA62-2945_20260315_140840.xlsx (6410行x46列) 耗时: 0.209秒
2026-05-21 16:08:53,090 - INFO - 文件形状: (6410, 46)
2026-05-21 16:08:53,093 - INFO - 找到DVDS列在第12列
2026-05-21 16:08:53,094 - INFO - DVDS单位: nan
2026-05-21 16:08:53,095 - WARNING - 第19行第1列不是'Test No.': NCT5609004_NCEAP40PT15D(M)-2B00_FA62-2945_20260315_140840.xlsx
2026-05-21 16:08:53,254 - INFO - 成功提取 6390 个DVDS数据点
2026-05-21 16:08:53,255 - INFO - 成功创建DataFrame: (6390, 2)
2026-05-21 16:08:53,256 - INFO - 开始提取DVDS数据: NCT5609005_NCEAP40PT15D(M)-2B00_FA62-2945_20260315_191028.xlsx
2026-05-21 16:08:53,720 - INFO - 快速读取Excel: NCT5609005_NCEAP40PT15D(M)-2B00_FA62-2945_20260315_191028.xlsx (7403行x46列) 耗时: 0.462秒
2026-05-21 16:08:53,721 - INFO - 文件形状: (7403, 46)
2026-05-21 16:08:53,722 - INFO - 找到DVDS列在第12列
2026-05-21 16:08:53,723 - INFO - DVDS单位: nan
2026-05-21 16:08:53,724 - WARNING - 第19行第1列不是'Test No.': NCT5609005_NCEAP40PT15D(M)-2B00_FA62-2945_20260315_191028.xlsx
2026-05-21 16:08:53,890 - INFO - 成功提取 7383 个DVDS数据点
2026-05-21 16:08:53,893 - INFO - 成功创建DataFrame: (7383, 2)
2026-05-21 16:08:53,894 - INFO - 开始提取DVDS数据: NCT5609006_NCEAP40PT15D(M)-2B00_FA62-6031_20260315_055041.xlsx
2026-05-21 16:08:54,093 - INFO - 快速读取Excel: NCT5609006_NCEAP40PT15D(M)-2B00_FA62-6031_20260315_055041.xlsx (6411行x46列) 耗时: 0.199秒
2026-05-21 16:08:54,093 - INFO - 文件形状: (6411, 46)
2026-05-21 16:08:54,095 - INFO - 找到DVDS列在第12列
2026-05-21 16:08:54,095 - INFO - DVDS单位: nan
2026-05-21 16:08:54,096 - WARNING - 第19行第1列不是'Test No.': NCT5609006_NCEAP40PT15D(M)-2B00_FA62-6031_20260315_055041.xlsx
2026-05-21 16:08:54,236 - INFO - 成功提取 6391 个DVDS数据点
2026-05-21 16:08:54,241 - INFO - 成功创建DataFrame: (6391, 2)
2026-05-21 16:08:54,242 - INFO - 开始提取DVDS数据: NCT5609007_NCEAP40PT15D(M)-2B00_FA62-6031_20260314_192625.xlsx
2026-05-21 16:08:54,464 - INFO - 快速读取Excel: NCT5609007_NCEAP40PT15D(M)-2B00_FA62-6031_20260314_192625.xlsx (6346行x46列) 耗时: 0.221秒
2026-05-21 16:08:54,464 - INFO - 文件形状: (6346, 46)
2026-05-21 16:08:54,465 - INFO - 找到DVDS列在第12列
2026-05-21 16:08:54,468 - INFO - DVDS单位: nan
2026-05-21 16:08:54,468 - WARNING - 第19行第1列不是'Test No.': NCT5609007_NCEAP40PT15D(M)-2B00_FA62-6031_20260314_192625.xlsx
2026-05-21 16:08:54,617 - INFO - 成功提取 6324 个DVDS数据点
2026-05-21 16:08:54,619 - INFO - 成功创建DataFrame: (6324, 2)
2026-05-21 16:08:54,622 - INFO - 开始提取DVDS数据: NCT5609008_NCEAP40PT15D(M)-2B00_FA62-6031_20260315_032532.xlsx
2026-05-21 16:08:54,832 - INFO - 快速读取Excel: NCT5609008_NCEAP40PT15D(M)-2B00_FA62-6031_20260315_032532.xlsx (6405行x46列) 耗时: 0.208秒
2026-05-21 16:08:54,833 - INFO - 文件形状: (6405, 46)
2026-05-21 16:08:54,834 - INFO - 找到DVDS列在第12列
2026-05-21 16:08:54,836 - INFO - DVDS单位: nan
2026-05-21 16:08:54,837 - WARNING - 第19行第1列不是'Test No.': NCT5609008_NCEAP40PT15D(M)-2B00_FA62-6031_20260315_032532.xlsx
2026-05-21 16:08:54,993 - INFO - 成功提取 6386 个DVDS数据点
2026-05-21 16:08:54,998 - INFO - 成功创建DataFrame: (6386, 2)
2026-05-21 16:08:55,004 - INFO - 开始提取DVDS数据: NCT5609009_NCEAP40PT15D(M)-2B00_FA62-6031_20260314_134442.xlsx
2026-05-21 16:08:55,209 - INFO - 快速读取Excel: NCT5609009_NCEAP40PT15D(M)-2B00_FA62-6031_20260314_134442.xlsx (6406行x46列) 耗时: 0.203秒
2026-05-21 16:08:55,210 - INFO - 文件形状: (6406, 46)
2026-05-21 16:08:55,212 - INFO - 找到DVDS列在第12列
2026-05-21 16:08:55,213 - INFO - DVDS单位: nan
2026-05-21 16:08:55,214 - WARNING - 第19行第1列不是'Test No.': NCT5609009_NCEAP40PT15D(M)-2B00_FA62-6031_20260314_134442.xlsx
2026-05-21 16:08:55,373 - INFO - 成功提取 6386 个DVDS数据点
2026-05-21 16:08:55,377 - INFO - 成功创建DataFrame: (6386, 2)
2026-05-21 16:08:55,377 - INFO - 开始提取DVDS数据: NCT5609010_NCEAP40PT15D(M)-2B00_FA62-6031_20260314_043132.xlsx
2026-05-21 16:08:55,573 - INFO - 快速读取Excel: NCT5609010_NCEAP40PT15D(M)-2B00_FA62-6031_20260314_043132.xlsx (5888行x46列) 耗时: 0.196秒
2026-05-21 16:08:55,574 - INFO - 文件形状: (5888, 46)
2026-05-21 16:08:55,576 - INFO - 找到DVDS列在第12列
2026-05-21 16:08:55,577 - INFO - DVDS单位: nan
2026-05-21 16:08:55,577 - WARNING - 第19行第1列不是'Test No.': NCT5609010_NCEAP40PT15D(M)-2B00_FA62-6031_20260314_043132.xlsx
2026-05-21 16:08:55,714 - INFO - 成功提取 5866 个DVDS数据点
2026-05-21 16:08:55,717 - INFO - 成功创建DataFrame: (5866, 2)
2026-05-21 16:08:55,718 - INFO - 开始提取DVDS数据: NCT5609010_NCEAP40PT15D(M)-2B00_FA62-6031_20260314_050304.xlsx
2026-05-21 16:08:55,739 - INFO - 快速读取Excel: NCT5609010_NCEAP40PT15D(M)-2B00_FA62-6031_20260314_050304.xlsx (519行x46列) 耗时: 0.020秒
2026-05-21 16:08:55,740 - INFO - 文件形状: (519, 46)
2026-05-21 16:08:55,741 - INFO - 找到DVDS列在第12列
2026-05-21 16:08:55,743 - INFO - DVDS单位: nan
2026-05-21 16:08:55,745 - WARNING - 第19行第1列不是'Test No.': NCT5609010_NCEAP40PT15D(M)-2B00_FA62-6031_20260314_050304.xlsx
2026-05-21 16:08:55,763 - INFO - 成功提取 500 个DVDS数据点
2026-05-21 16:08:55,765 - INFO - 成功创建DataFrame: (500, 2)
2026-05-21 16:08:55,766 - INFO - 开始提取DVDS数据: NCT5609011_NCEAP40PT15D(M)-2B00_FA62-6031_20260314_164949.xlsx
2026-05-21 16:08:55,969 - INFO - 快速读取Excel: NCT5609011_NCEAP40PT15D(M)-2B00_FA62-6031_20260314_164949.xlsx (6399行x46列) 耗时: 0.203秒
2026-05-21 16:08:55,970 - INFO - 文件形状: (6399, 46)
2026-05-21 16:08:55,971 - INFO - 找到DVDS列在第12列
2026-05-21 16:08:55,972 - INFO - DVDS单位: nan
2026-05-21 16:08:55,973 - WARNING - 第19行第1列不是'Test No.': NCT5609011_NCEAP40PT15D(M)-2B00_FA62-6031_20260314_164949.xlsx
2026-05-21 16:08:56,100 - INFO - 成功提取 6378 个DVDS数据点
2026-05-21 16:08:56,103 - INFO - 成功创建DataFrame: (6378, 2)
2026-05-21 16:08:56,104 - INFO - 开始提取DVDS数据: NCT5609012_NCEAP40PT15D(M)-2B00_FA62-6031_20260314_234314.xlsx
2026-05-21 16:08:56,297 - INFO - 快速读取Excel: NCT5609012_NCEAP40PT15D(M)-2B00_FA62-6031_20260314_234314.xlsx (6404行x46列) 耗时: 0.193秒
2026-05-21 16:08:56,298 - INFO - 文件形状: (6404, 46)
2026-05-21 16:08:56,300 - INFO - 找到DVDS列在第12列
2026-05-21 16:08:56,301 - INFO - DVDS单位: nan
2026-05-21 16:08:56,303 - WARNING - 第19行第1列不是'Test No.': NCT5609012_NCEAP40PT15D(M)-2B00_FA62-6031_20260314_234314.xlsx
2026-05-21 16:08:56,455 - INFO - 成功提取 6385 个DVDS数据点
2026-05-21 16:08:56,458 - INFO - 成功创建DataFrame: (6385, 2)
2026-05-21 16:08:56,459 - INFO - 开始提取DVDS数据: NCT5609013_NCEAP40PT15D(M)-2B00_FA62-6031_20260316_042543.xlsx
2026-05-21 16:08:56,731 - INFO - 快速读取Excel: NCT5609013_NCEAP40PT15D(M)-2B00_FA62-6031_20260316_042543.xlsx (8009行x46列) 耗时: 0.271秒
2026-05-21 16:08:56,732 - INFO - 文件形状: (8009, 46)
2026-05-21 16:08:56,733 - INFO - 找到DVDS列在第12列
2026-05-21 16:08:56,735 - INFO - DVDS单位: nan
2026-05-21 16:08:56,736 - WARNING - 第19行第1列不是'Test No.': NCT5609013_NCEAP40PT15D(M)-2B00_FA62-6031_20260316_042543.xlsx
2026-05-21 16:08:56,934 - INFO - 成功提取 7990 个DVDS数据点
2026-05-21 16:08:56,939 - INFO - 成功创建DataFrame: (7990, 2)
2026-05-21 16:08:56,940 - INFO - 开始提取DVDS数据: NCT5609014_NCEAP40PT15D(M)-2B00_FA62-6032_20260314_012019.xlsx
2026-05-21 16:08:57,166 - INFO - 快速读取Excel: NCT5609014_NCEAP40PT15D(M)-2B00_FA62-6032_20260314_012019.xlsx (6416行x46列) 耗时: 0.226秒
2026-05-21 16:08:57,166 - INFO - 文件形状: (6416, 46)
2026-05-21 16:08:57,169 - INFO - 找到DVDS列在第12列
2026-05-21 16:08:57,170 - INFO - DVDS单位: nan
2026-05-21 16:08:57,170 - WARNING - 第19行第1列不是'Test No.': NCT5609014_NCEAP40PT15D(M)-2B00_FA62-6032_20260314_012019.xlsx
2026-05-21 16:08:57,325 - INFO - 成功提取 6396 个DVDS数据点
2026-05-21 16:08:57,329 - INFO - 成功创建DataFrame: (6396, 2)
2026-05-21 16:08:57,330 - INFO - 开始提取DVDS数据: NCT5609015_NCEAP40PT15D(M)-2B00_FA62-6032_20260314_042234.xlsx
2026-05-21 16:08:57,563 - INFO - 快速读取Excel: NCT5609015_NCEAP40PT15D(M)-2B00_FA62-6032_20260314_042234.xlsx (6395行x46列) 耗时: 0.230秒
2026-05-21 16:08:57,563 - INFO - 文件形状: (6395, 46)
2026-05-21 16:08:57,565 - INFO - 找到DVDS列在第12列
2026-05-21 16:08:57,565 - INFO - DVDS单位: nan
2026-05-21 16:08:57,566 - WARNING - 第19行第1列不是'Test No.': NCT5609015_NCEAP40PT15D(M)-2B00_FA62-6032_20260314_042234.xlsx
2026-05-21 16:08:57,705 - INFO - 成功提取 6376 个DVDS数据点
2026-05-21 16:08:57,708 - INFO - 成功创建DataFrame: (6376, 2)
2026-05-21 16:08:57,710 - INFO - 开始提取DVDS数据: NCT5609016_NCEAP40PT15D(M)-2B00_FA62-6032_20260313_190910.xlsx
2026-05-21 16:08:57,929 - INFO - 快速读取Excel: NCT5609016_NCEAP40PT15D(M)-2B00_FA62-6032_20260313_190910.xlsx (6415行x46列) 耗时: 0.218秒
2026-05-21 16:08:57,930 - INFO - 文件形状: (6415, 46)
2026-05-21 16:08:57,932 - INFO - 找到DVDS列在第12列
2026-05-21 16:08:57,933 - INFO - DVDS单位: nan
2026-05-21 16:08:57,933 - WARNING - 第19行第1列不是'Test No.': NCT5609016_NCEAP40PT15D(M)-2B00_FA62-6032_20260313_190910.xlsx
2026-05-21 16:08:58,086 - INFO - 成功提取 6396 个DVDS数据点
2026-05-21 16:08:58,090 - INFO - 成功创建DataFrame: (6396, 2)
2026-05-21 16:08:58,091 - INFO - 开始提取DVDS数据: NCT5609017_NCEAP40PT15D(M)-2B00_FA62-6032_20260313_164925.xlsx
2026-05-21 16:08:58,316 - INFO - 快速读取Excel: NCT5609017_NCEAP40PT15D(M)-2B00_FA62-6032_20260313_164925.xlsx (6409行x46列) 耗时: 0.225秒
2026-05-21 16:08:58,317 - INFO - 文件形状: (6409, 46)
2026-05-21 16:08:58,318 - INFO - 找到DVDS列在第12列
2026-05-21 16:08:58,318 - INFO - DVDS单位: nan
2026-05-21 16:08:58,319 - WARNING - 第19行第1列不是'Test No.': NCT5609017_NCEAP40PT15D(M)-2B00_FA62-6032_20260313_164925.xlsx
2026-05-21 16:08:58,477 - INFO - 成功提取 6390 个DVDS数据点
2026-05-21 16:08:58,480 - INFO - 成功创建DataFrame: (6390, 2)
2026-05-21 16:08:58,481 - INFO - 开始提取DVDS数据: NCT5609018_NCEAP40PT15D(M)-2B00_FA62-6032_20260313_222337.xlsx
2026-05-21 16:08:58,690 - INFO - 快速读取Excel: NCT5609018_NCEAP40PT15D(M)-2B00_FA62-6032_20260313_222337.xlsx (6416行x46列) 耗时: 0.209秒
2026-05-21 16:08:58,691 - INFO - 文件形状: (6416, 46)
2026-05-21 16:08:58,692 - INFO - 找到DVDS列在第12列
2026-05-21 16:08:58,694 - INFO - DVDS单位: nan
2026-05-21 16:08:58,695 - WARNING - 第19行第1列不是'Test No.': NCT5609018_NCEAP40PT15D(M)-2B00_FA62-6032_20260313_222337.xlsx
2026-05-21 16:08:58,840 - INFO - 成功提取 6388 个DVDS数据点
2026-05-21 16:08:58,842 - INFO - 成功创建DataFrame: (6388, 2)
2026-05-21 16:08:58,844 - INFO - 开始提取DVDS数据: NCT5609019_NCEAP40PT15D(M)-2B00_FA62-6032_20260314_071055.xlsx
2026-05-21 16:08:59,063 - INFO - 快速读取Excel: NCT5609019_NCEAP40PT15D(M)-2B00_FA62-6032_20260314_071055.xlsx (6393行x46列) 耗时: 0.217秒
2026-05-21 16:08:59,063 - INFO - 文件形状: (6393, 46)
2026-05-21 16:08:59,064 - INFO - 找到DVDS列在第12列
2026-05-21 16:08:59,066 - INFO - DVDS单位: nan
2026-05-21 16:08:59,067 - WARNING - 第19行第1列不是'Test No.': NCT5609019_NCEAP40PT15D(M)-2B00_FA62-6032_20260314_071055.xlsx
2026-05-21 16:08:59,220 - INFO - 成功提取 6373 个DVDS数据点
2026-05-21 16:08:59,224 - INFO - 成功创建DataFrame: (6373, 2)
2026-05-21 16:08:59,225 - INFO - 开始提取DVDS数据: NCT5609020_NCEAP40PT15D(M)-2B00_FA62-6032_20260315_155444.xlsx
2026-05-21 16:08:59,433 - INFO - 快速读取Excel: NCT5609020_NCEAP40PT15D(M)-2B00_FA62-6032_20260315_155444.xlsx (6409行x46列) 耗时: 0.208秒
2026-05-21 16:08:59,434 - INFO - 文件形状: (6409, 46)
2026-05-21 16:08:59,435 - INFO - 找到DVDS列在第12列
2026-05-21 16:08:59,437 - INFO - DVDS单位: nan
2026-05-21 16:08:59,439 - WARNING - 第19行第1列不是'Test No.': NCT5609020_NCEAP40PT15D(M)-2B00_FA62-6032_20260315_155444.xlsx
2026-05-21 16:08:59,566 - INFO - 成功提取 6386 个DVDS数据点
2026-05-21 16:08:59,570 - INFO - 成功创建DataFrame: (6386, 2)
2026-05-21 16:08:59,571 - INFO - 开始提取DVDS数据: NCT5609021_NCEAP40PT15D(M)-2B00_FA62-6032_20260313_141558.xlsx
2026-05-21 16:08:59,780 - INFO - 快速读取Excel: NCT5609021_NCEAP40PT15D(M)-2B00_FA62-6032_20260313_141558.xlsx (6414行x46列) 耗时: 0.209秒
2026-05-21 16:08:59,781 - INFO - 文件形状: (6414, 46)
2026-05-21 16:08:59,782 - INFO - 找到DVDS列在第12列
2026-05-21 16:08:59,784 - INFO - DVDS单位: nan
2026-05-21 16:08:59,785 - WARNING - 第19行第1列不是'Test No.': NCT5609021_NCEAP40PT15D(M)-2B00_FA62-6032_20260313_141558.xlsx
2026-05-21 16:08:59,911 - INFO - 成功提取 6395 个DVDS数据点
2026-05-21 16:08:59,915 - INFO - 成功创建DataFrame: (6395, 2)
2026-05-21 16:08:59,916 - INFO - 开始提取DVDS数据: NCT5609022_NCEAP40PT15D(M)-2B00_FA62-6032_20260315_172404.xlsx
2026-05-21 16:09:00,025 - INFO - 快速读取Excel: NCT5609022_NCEAP40PT15D(M)-2B00_FA62-6032_20260315_172404.xlsx (3806行x46列) 耗时: 0.108秒
2026-05-21 16:09:00,026 - INFO - 文件形状: (3806, 46)
2026-05-21 16:09:00,027 - INFO - 找到DVDS列在第12列
2026-05-21 16:09:00,027 - INFO - DVDS单位: nan
2026-05-21 16:09:00,028 - WARNING - 第19行第1列不是'Test No.': NCT5609022_NCEAP40PT15D(M)-2B00_FA62-6032_20260315_172404.xlsx
2026-05-21 16:09:00,110 - INFO - 成功提取 3785 个DVDS数据点
2026-05-21 16:09:00,111 - INFO - 成功创建DataFrame: (3785, 2)
2026-05-21 16:09:00,113 - INFO - 开始提取DVDS数据: NCT5609023_NCEAP40PT15D(M)-2B00_FA62-6036_20260314_230515.xlsx
2026-05-21 16:09:00,303 - INFO - 快速读取Excel: NCT5609023_NCEAP40PT15D(M)-2B00_FA62-6036_20260314_230515.xlsx (6400行x46列) 耗时: 0.188秒
2026-05-21 16:09:00,304 - INFO - 文件形状: (6400, 46)
2026-05-21 16:09:00,305 - INFO - 找到DVDS列在第12列
2026-05-21 16:09:00,307 - INFO - DVDS单位: nan
2026-05-21 16:09:00,307 - WARNING - 第19行第1列不是'Test No.': NCT5609023_NCEAP40PT15D(M)-2B00_FA62-6036_20260314_230515.xlsx
2026-05-21 16:09:00,466 - INFO - 成功提取 6379 个DVDS数据点
2026-05-21 16:09:00,469 - INFO - 成功创建DataFrame: (6379, 2)
2026-05-21 16:09:00,470 - INFO - 开始提取DVDS数据: NCT5609024_NCEAP40PT15D(M)-2B00_FA62-6036_20260315_193041.xlsx
2026-05-21 16:09:00,704 - INFO - 快速读取Excel: NCT5609024_NCEAP40PT15D(M)-2B00_FA62-6036_20260315_193041.xlsx (6407行x46列) 耗时: 0.233秒
2026-05-21 16:09:00,705 - INFO - 文件形状: (6407, 46)
2026-05-21 16:09:00,706 - INFO - 找到DVDS列在第12列
2026-05-21 16:09:00,707 - INFO - DVDS单位: nan
2026-05-21 16:09:00,708 - WARNING - 第19行第1列不是'Test No.': NCT5609024_NCEAP40PT15D(M)-2B00_FA62-6036_20260315_193041.xlsx
2026-05-21 16:09:00,866 - INFO - 成功提取 6386 个DVDS数据点
2026-05-21 16:09:00,871 - INFO - 成功创建DataFrame: (6386, 2)
2026-05-21 16:09:00,872 - INFO - 开始提取DVDS数据: NCT5609025_NCEAP40PT15D(M)-2B00_FA62-6036_20260315_221957.xlsx
2026-05-21 16:09:01,101 - INFO - 快速读取Excel: NCT5609025_NCEAP40PT15D(M)-2B00_FA62-6036_20260315_221957.xlsx (6399行x46列) 耗时: 0.228秒
2026-05-21 16:09:01,102 - INFO - 文件形状: (6399, 46)
2026-05-21 16:09:01,103 - INFO - 找到DVDS列在第12列
2026-05-21 16:09:01,105 - INFO - DVDS单位: nan
2026-05-21 16:09:01,108 - WARNING - 第19行第1列不是'Test No.': NCT5609025_NCEAP40PT15D(M)-2B00_FA62-6036_20260315_221957.xlsx
2026-05-21 16:09:01,253 - INFO - 成功提取 6379 个DVDS数据点
2026-05-21 16:09:01,256 - INFO - 成功创建DataFrame: (6379, 2)
2026-05-21 16:09:01,257 - INFO - 开始提取DVDS数据: NCT5609026_NCEAP40PT15D(M)-2B00_FA62-6036_20260314_172643.xlsx
2026-05-21 16:09:01,456 - INFO - 快速读取Excel: NCT5609026_NCEAP40PT15D(M)-2B00_FA62-6036_20260314_172643.xlsx (6404行x46列) 耗时: 0.199秒
2026-05-21 16:09:01,456 - INFO - 文件形状: (6404, 46)
2026-05-21 16:09:01,458 - INFO - 找到DVDS列在第12列
2026-05-21 16:09:01,460 - INFO - DVDS单位: nan
2026-05-21 16:09:01,460 - WARNING - 第19行第1列不是'Test No.': NCT5609026_NCEAP40PT15D(M)-2B00_FA62-6036_20260314_172643.xlsx
2026-05-21 16:09:01,602 - INFO - 成功提取 6380 个DVDS数据点
2026-05-21 16:09:01,605 - INFO - 成功创建DataFrame: (6380, 2)
2026-05-21 16:09:01,606 - INFO - 开始提取DVDS数据: NCT5609027_NCEAP40PT15D(M)-2B00_FA62-6036_20260314_200612.xlsx
2026-05-21 16:09:01,827 - INFO - 快速读取Excel: NCT5609027_NCEAP40PT15D(M)-2B00_FA62-6036_20260314_200612.xlsx (6395行x46列) 耗时: 0.218秒
2026-05-21 16:09:01,828 - INFO - 文件形状: (6395, 46)
2026-05-21 16:09:01,828 - INFO - 找到DVDS列在第12列
2026-05-21 16:09:01,830 - INFO - DVDS单位: nan
2026-05-21 16:09:01,831 - WARNING - 第19行第1列不是'Test No.': NCT5609027_NCEAP40PT15D(M)-2B00_FA62-6036_20260314_200612.xlsx
2026-05-21 16:09:01,979 - INFO - 成功提取 6365 个DVDS数据点
2026-05-21 16:09:01,981 - INFO - 成功创建DataFrame: (6365, 2)
2026-05-21 16:09:01,982 - INFO - 开始提取DVDS数据: NCT5609028_NCEAP40PT15D(M)-2B00_FA62-6036_20260314_122614.xlsx
2026-05-21 16:09:02,231 - INFO - 快速读取Excel: NCT5609028_NCEAP40PT15D(M)-2B00_FA62-6036_20260314_122614.xlsx (6392行x46列) 耗时: 0.248秒
2026-05-21 16:09:02,232 - INFO - 文件形状: (6392, 46)
2026-05-21 16:09:02,234 - INFO - 找到DVDS列在第12列
2026-05-21 16:09:02,235 - INFO - DVDS单位: nan
2026-05-21 16:09:02,235 - WARNING - 第19行第1列不是'Test No.': NCT5609028_NCEAP40PT15D(M)-2B00_FA62-6036_20260314_122614.xlsx
2026-05-21 16:09:02,376 - INFO - 成功提取 6370 个DVDS数据点
2026-05-21 16:09:02,380 - INFO - 成功创建DataFrame: (6370, 2)
2026-05-21 16:09:02,383 - INFO - 开始提取DVDS数据: NCT5609029_NCEAP40PT15D(M)-2B00_FA62-6036_20260314_143702.xlsx
2026-05-21 16:09:02,590 - INFO - 快速读取Excel: NCT5609029_NCEAP40PT15D(M)-2B00_FA62-6036_20260314_143702.xlsx (6413行x46列) 耗时: 0.206秒
2026-05-21 16:09:02,592 - INFO - 文件形状: (6413, 46)
2026-05-21 16:09:02,593 - INFO - 找到DVDS列在第12列
2026-05-21 16:09:02,593 - INFO - DVDS单位: nan
2026-05-21 16:09:02,594 - WARNING - 第19行第1列不是'Test No.': NCT5609029_NCEAP40PT15D(M)-2B00_FA62-6036_20260314_143702.xlsx
2026-05-21 16:09:02,730 - INFO - 成功提取 6392 个DVDS数据点
2026-05-21 16:09:02,733 - INFO - 成功创建DataFrame: (6392, 2)
2026-05-21 16:09:02,734 - INFO - 开始提取DVDS数据: NCT5609030_NCEAP40PT15D(M)-2B00_FA62-6036_20260316_011645.xlsx
2026-05-21 16:09:02,992 - INFO - 快速读取Excel: NCT5609030_NCEAP40PT15D(M)-2B00_FA62-6036_20260316_011645.xlsx (8012行x46列) 耗时: 0.257秒
2026-05-21 16:09:02,993 - INFO - 文件形状: (8012, 46)
2026-05-21 16:09:02,995 - INFO - 找到DVDS列在第12列
2026-05-21 16:09:02,996 - INFO - DVDS单位: nan
2026-05-21 16:09:02,996 - WARNING - 第19行第1列不是'Test No.': NCT5609030_NCEAP40PT15D(M)-2B00_FA62-6036_20260316_011645.xlsx
2026-05-21 16:09:03,167 - INFO - 成功提取 7991 个DVDS数据点
2026-05-21 16:09:03,170 - INFO - 成功创建DataFrame: (7991, 2)
2026-05-21 16:09:03,171 - INFO - 开始提取DVDS数据: NCT5611001_NCEAP40PT15D(M)-2B00_FA62-3465_20260324_221959.xlsx
2026-05-21 16:09:03,389 - INFO - 快速读取Excel: NCT5611001_NCEAP40PT15D(M)-2B00_FA62-3465_20260324_221959.xlsx (6382行x46列) 耗时: 0.216秒
2026-05-21 16:09:03,390 - INFO - 文件形状: (6382, 46)
2026-05-21 16:09:03,390 - INFO - 找到DVDS列在第12列
2026-05-21 16:09:03,392 - INFO - DVDS单位: nan
2026-05-21 16:09:03,393 - WARNING - 第19行第1列不是'Test No.': NCT5611001_NCEAP40PT15D(M)-2B00_FA62-3465_20260324_221959.xlsx
2026-05-21 16:09:03,541 - INFO - 成功提取 6358 个DVDS数据点
2026-05-21 16:09:03,545 - INFO - 成功创建DataFrame: (6358, 2)
2026-05-21 16:09:03,546 - INFO - 开始提取DVDS数据: NCT5611002_NCEAP40PT15D(M)-2B00_FA62-3465_20260322_012624.xlsx
2026-05-21 16:09:03,783 - INFO - 快速读取Excel: NCT5611002_NCEAP40PT15D(M)-2B00_FA62-3465_20260322_012624.xlsx (6424行x46列) 耗时: 0.235秒
2026-05-21 16:09:03,784 - INFO - 文件形状: (6424, 46)
2026-05-21 16:09:03,785 - INFO - 找到DVDS列在第12列
2026-05-21 16:09:03,789 - INFO - DVDS单位: nan
2026-05-21 16:09:03,790 - WARNING - 第19行第1列不是'Test No.': NCT5611002_NCEAP40PT15D(M)-2B00_FA62-3465_20260322_012624.xlsx
2026-05-21 16:09:03,955 - INFO - 成功提取 6403 个DVDS数据点
2026-05-21 16:09:03,959 - INFO - 成功创建DataFrame: (6403, 2)
2026-05-21 16:09:03,960 - INFO - 开始提取DVDS数据: NCT5611003_NCEAP40PT15D(M)-2B00_FA62-3465_20260322_122237.xlsx
2026-05-21 16:09:04,190 - INFO - 快速读取Excel: NCT5611003_NCEAP40PT15D(M)-2B00_FA62-3465_20260322_122237.xlsx (6395行x46列) 耗时: 0.230秒
2026-05-21 16:09:04,191 - INFO - 文件形状: (6395, 46)
2026-05-21 16:09:04,192 - INFO - 找到DVDS列在第12列
2026-05-21 16:09:04,195 - INFO - DVDS单位: nan
2026-05-21 16:09:04,196 - WARNING - 第19行第1列不是'Test No.': NCT5611003_NCEAP40PT15D(M)-2B00_FA62-3465_20260322_122237.xlsx
2026-05-21 16:09:04,381 - INFO - 成功提取 6376 个DVDS数据点
2026-05-21 16:09:04,386 - INFO - 成功创建DataFrame: (6376, 2)
2026-05-21 16:09:04,388 - INFO - 开始提取DVDS数据: NCT5611005_NCEAP40PT15D(M)-2B00_FA62-3465_20260322_094728.xlsx
2026-05-21 16:09:04,628 - INFO - 快速读取Excel: NCT5611005_NCEAP40PT15D(M)-2B00_FA62-3465_20260322_094728.xlsx (6397行x46列) 耗时: 0.239秒
2026-05-21 16:09:04,628 - INFO - 文件形状: (6397, 46)
2026-05-21 16:09:04,630 - INFO - 找到DVDS列在第12列
2026-05-21 16:09:04,632 - INFO - DVDS单位: nan
2026-05-21 16:09:04,633 - WARNING - 第19行第1列不是'Test No.': NCT5611005_NCEAP40PT15D(M)-2B00_FA62-3465_20260322_094728.xlsx
2026-05-21 16:09:04,780 - INFO - 成功提取 6372 个DVDS数据点
2026-05-21 16:09:04,783 - INFO - 成功创建DataFrame: (6372, 2)
2026-05-21 16:09:04,785 - INFO - 开始提取DVDS数据: NCT5611006_NCEAP40PT15D(M)-2B00_FA62-3465_20260322_143545.xlsx
2026-05-21 16:09:05,016 - INFO - 快速读取Excel: NCT5611006_NCEAP40PT15D(M)-2B00_FA62-3465_20260322_143545.xlsx (6403行x46列) 耗时: 0.230秒
2026-05-21 16:09:05,018 - INFO - 文件形状: (6403, 46)
2026-05-21 16:09:05,020 - INFO - 找到DVDS列在第12列
2026-05-21 16:09:05,022 - INFO - DVDS单位: nan
2026-05-21 16:09:05,022 - WARNING - 第19行第1列不是'Test No.': NCT5611006_NCEAP40PT15D(M)-2B00_FA62-3465_20260322_143545.xlsx
2026-05-21 16:09:05,192 - INFO - 成功提取 6382 个DVDS数据点
2026-05-21 16:09:05,195 - INFO - 成功创建DataFrame: (6382, 2)
2026-05-21 16:09:05,196 - INFO - 开始提取DVDS数据: NCT5611007_NCEAP40PT15D(M)-2B00_FA62-3465_20260322_034050.xlsx
2026-05-21 16:09:05,407 - INFO - 快速读取Excel: NCT5611007_NCEAP40PT15D(M)-2B00_FA62-3465_20260322_034050.xlsx (6406行x46列) 耗时: 0.209秒
2026-05-21 16:09:05,408 - INFO - 文件形状: (6406, 46)
2026-05-21 16:09:05,409 - INFO - 找到DVDS列在第12列
2026-05-21 16:09:05,411 - INFO - DVDS单位: nan
2026-05-21 16:09:05,412 - WARNING - 第19行第1列不是'Test No.': NCT5611007_NCEAP40PT15D(M)-2B00_FA62-3465_20260322_034050.xlsx
2026-05-21 16:09:05,580 - INFO - 成功提取 6385 个DVDS数据点
2026-05-21 16:09:05,583 - INFO - 成功创建DataFrame: (6385, 2)
2026-05-21 16:09:05,585 - INFO - 开始提取DVDS数据: NCT5611008_NCEAP40PT15D(M)-2B00_FA62-3465_20260324_104840.xlsx
2026-05-21 16:09:05,792 - INFO - 快速读取Excel: NCT5611008_NCEAP40PT15D(M)-2B00_FA62-3465_20260324_104840.xlsx (6360行x46列) 耗时: 0.207秒
2026-05-21 16:09:05,793 - INFO - 文件形状: (6360, 46)
2026-05-21 16:09:05,795 - INFO - 找到DVDS列在第12列
2026-05-21 16:09:05,795 - INFO - DVDS单位: nan
2026-05-21 16:09:05,795 - WARNING - 第19行第1列不是'Test No.': NCT5611008_NCEAP40PT15D(M)-2B00_FA62-3465_20260324_104840.xlsx
2026-05-21 16:09:05,948 - INFO - 成功提取 6339 个DVDS数据点
2026-05-21 16:09:05,951 - INFO - 成功创建DataFrame: (6339, 2)
2026-05-21 16:09:05,952 - INFO - 开始提取DVDS数据: NCT5611009_NCEAP40PT15D(M)-2B00_FA62-3465_20260324_084545.xlsx
2026-05-21 16:09:06,075 - INFO - 快速读取Excel: NCT5611009_NCEAP40PT15D(M)-2B00_FA62-3465_20260324_084545.xlsx (3805行x46列) 耗时: 0.122秒
2026-05-21 16:09:06,076 - INFO - 文件形状: (3805, 46)
2026-05-21 16:09:06,077 - INFO - 找到DVDS列在第12列
2026-05-21 16:09:06,078 - INFO - DVDS单位: nan
2026-05-21 16:09:06,078 - WARNING - 第19行第1列不是'Test No.': NCT5611009_NCEAP40PT15D(M)-2B00_FA62-3465_20260324_084545.xlsx
2026-05-21 16:09:06,158 - INFO - 成功提取 3785 个DVDS数据点
2026-05-21 16:09:06,161 - INFO - 成功创建DataFrame: (3785, 2)
2026-05-21 16:09:06,163 - INFO - 开始提取DVDS数据: NCT5611010_NCEAP40PT15D(M)-2B00_FA62-3468_20260323_220428.xlsx
2026-05-21 16:09:06,361 - INFO - 快速读取Excel: NCT5611010_NCEAP40PT15D(M)-2B00_FA62-3468_20260323_220428.xlsx (6414行x46列) 耗时: 0.198秒
2026-05-21 16:09:06,362 - INFO - 文件形状: (6414, 46)
2026-05-21 16:09:06,364 - INFO - 找到DVDS列在第12列
2026-05-21 16:09:06,366 - INFO - DVDS单位: nan
2026-05-21 16:09:06,366 - WARNING - 第19行第1列不是'Test No.': NCT5611010_NCEAP40PT15D(M)-2B00_FA62-3468_20260323_220428.xlsx
2026-05-21 16:09:06,498 - INFO - 成功提取 6394 个DVDS数据点
2026-05-21 16:09:06,499 - INFO - 成功创建DataFrame: (6394, 2)
2026-05-21 16:09:06,501 - INFO - 开始提取DVDS数据: NCT5611011_NCEAP40PT15D(M)-2B00_FA62-3468_20260322_073228.xlsx
2026-05-21 16:09:06,692 - INFO - 快速读取Excel: NCT5611011_NCEAP40PT15D(M)-2B00_FA62-3468_20260322_073228.xlsx (6419行x46列) 耗时: 0.191秒
2026-05-21 16:09:06,694 - INFO - 文件形状: (6419, 46)
2026-05-21 16:09:06,695 - INFO - 找到DVDS列在第12列
2026-05-21 16:09:06,696 - INFO - DVDS单位: nan
2026-05-21 16:09:06,698 - WARNING - 第19行第1列不是'Test No.': NCT5611011_NCEAP40PT15D(M)-2B00_FA62-3468_20260322_073228.xlsx
2026-05-21 16:09:06,848 - INFO - 成功提取 6396 个DVDS数据点
2026-05-21 16:09:06,852 - INFO - 成功创建DataFrame: (6396, 2)
2026-05-21 16:09:06,853 - INFO - 开始提取DVDS数据: NCT5611012_NCEAP40PT15D(M)-2B00_FA62-3468_20260323_185740.xlsx
2026-05-21 16:09:07,056 - INFO - 快速读取Excel: NCT5611012_NCEAP40PT15D(M)-2B00_FA62-3468_20260323_185740.xlsx (6401行x46列) 耗时: 0.203秒
2026-05-21 16:09:07,056 - INFO - 文件形状: (6401, 46)
2026-05-21 16:09:07,057 - INFO - 找到DVDS列在第12列
2026-05-21 16:09:07,058 - INFO - DVDS单位: nan
2026-05-21 16:09:07,059 - WARNING - 第19行第1列不是'Test No.': NCT5611012_NCEAP40PT15D(M)-2B00_FA62-3468_20260323_185740.xlsx
2026-05-21 16:09:07,206 - INFO - 成功提取 6380 个DVDS数据点
2026-05-21 16:09:07,210 - INFO - 成功创建DataFrame: (6380, 2)
2026-05-21 16:09:07,211 - INFO - 开始提取DVDS数据: NCT5611013_NCEAP40PT15D(M)-2B00_FA62-3468_20260323_071231.xlsx
2026-05-21 16:09:07,436 - INFO - 快速读取Excel: NCT5611013_NCEAP40PT15D(M)-2B00_FA62-3468_20260323_071231.xlsx (6411行x46列) 耗时: 0.224秒
2026-05-21 16:09:07,436 - INFO - 文件形状: (6411, 46)
2026-05-21 16:09:07,438 - INFO - 找到DVDS列在第12列
2026-05-21 16:09:07,438 - INFO - DVDS单位: nan
2026-05-21 16:09:07,439 - WARNING - 第19行第1列不是'Test No.': NCT5611013_NCEAP40PT15D(M)-2B00_FA62-3468_20260323_071231.xlsx
2026-05-21 16:09:07,575 - INFO - 成功提取 6391 个DVDS数据点
2026-05-21 16:09:07,579 - INFO - 成功创建DataFrame: (6391, 2)
2026-05-21 16:09:07,581 - INFO - 开始提取DVDS数据: NCT5611014_NCEAP40PT15D(M)-2B00_FA62-3468_20260323_051431.xlsx
2026-05-21 16:09:07,812 - INFO - 快速读取Excel: NCT5611014_NCEAP40PT15D(M)-2B00_FA62-3468_20260323_051431.xlsx (6410行x46列) 耗时: 0.231秒
2026-05-21 16:09:07,813 - INFO - 文件形状: (6410, 46)
2026-05-21 16:09:07,815 - INFO - 找到DVDS列在第12列
2026-05-21 16:09:07,815 - INFO - DVDS单位: nan
2026-05-21 16:09:07,816 - WARNING - 第19行第1列不是'Test No.': NCT5611014_NCEAP40PT15D(M)-2B00_FA62-3468_20260323_051431.xlsx
2026-05-21 16:09:07,968 - INFO - 成功提取 6390 个DVDS数据点
2026-05-21 16:09:07,972 - INFO - 成功创建DataFrame: (6390, 2)
2026-05-21 16:09:07,973 - INFO - 开始提取DVDS数据: NCT5611015_NCEAP40PT15D(M)-2B00_FA62-3468_20260321_192825.xlsx
2026-05-21 16:09:08,214 - INFO - 快速读取Excel: NCT5611015_NCEAP40PT15D(M)-2B00_FA62-3468_20260321_192825.xlsx (6365行x46列) 耗时: 0.239秒
2026-05-21 16:09:08,214 - INFO - 文件形状: (6365, 46)
2026-05-21 16:09:08,216 - INFO - 找到DVDS列在第12列
2026-05-21 16:09:08,218 - INFO - DVDS单位: nan
2026-05-21 16:09:08,219 - WARNING - 第19行第1列不是'Test No.': NCT5611015_NCEAP40PT15D(M)-2B00_FA62-3468_20260321_192825.xlsx
2026-05-21 16:09:08,378 - INFO - 成功提取 6344 个DVDS数据点
2026-05-21 16:09:08,383 - INFO - 成功创建DataFrame: (6344, 2)
2026-05-21 16:09:08,385 - INFO - 开始提取DVDS数据: NCT5611016_NCEAP40PT15D(M)-2B00_FA62-3468_20260323_164654.xlsx
2026-05-21 16:09:08,595 - INFO - 快速读取Excel: NCT5611016_NCEAP40PT15D(M)-2B00_FA62-3468_20260323_164654.xlsx (6413行x46列) 耗时: 0.210秒
2026-05-21 16:09:08,596 - INFO - 文件形状: (6413, 46)
2026-05-21 16:09:08,597 - INFO - 找到DVDS列在第12列
2026-05-21 16:09:08,597 - INFO - DVDS单位: nan
2026-05-21 16:09:08,599 - WARNING - 第19行第1列不是'Test No.': NCT5611016_NCEAP40PT15D(M)-2B00_FA62-3468_20260323_164654.xlsx
2026-05-21 16:09:08,756 - INFO - 成功提取 6388 个DVDS数据点
2026-05-21 16:09:08,760 - INFO - 成功创建DataFrame: (6388, 2)
2026-05-21 16:09:08,762 - INFO - 开始提取DVDS数据: NCT5611017_NCEAP40PT15D(M)-2B00_FA62-3468_20260323_030334.xlsx
2026-05-21 16:09:08,965 - INFO - 快速读取Excel: NCT5611017_NCEAP40PT15D(M)-2B00_FA62-3468_20260323_030334.xlsx (6410行x46列) 耗时: 0.204秒
2026-05-21 16:09:08,965 - INFO - 文件形状: (6410, 46)
2026-05-21 16:09:08,966 - INFO - 找到DVDS列在第12列
2026-05-21 16:09:08,968 - INFO - DVDS单位: nan
2026-05-21 16:09:08,968 - WARNING - 第19行第1列不是'Test No.': NCT5611017_NCEAP40PT15D(M)-2B00_FA62-3468_20260323_030334.xlsx
2026-05-21 16:09:09,101 - INFO - 成功提取 6389 个DVDS数据点
2026-05-21 16:09:09,104 - INFO - 成功创建DataFrame: (6389, 2)
2026-05-21 16:09:09,106 - INFO - 开始提取DVDS数据: NCT5611018_NCEAP40PT15D(M)-2B00_FA62-3468_20260327_014421.xlsx
2026-05-21 16:09:09,236 - INFO - 快速读取Excel: NCT5611018_NCEAP40PT15D(M)-2B00_FA62-3468_20260327_014421.xlsx (3799行x46列) 耗时: 0.131秒
2026-05-21 16:09:09,238 - INFO - 文件形状: (3799, 46)
2026-05-21 16:09:09,239 - INFO - 找到DVDS列在第12列
2026-05-21 16:09:09,242 - INFO - DVDS单位: nan
2026-05-21 16:09:09,243 - WARNING - 第19行第1列不是'Test No.': NCT5611018_NCEAP40PT15D(M)-2B00_FA62-3468_20260327_014421.xlsx
2026-05-21 16:09:09,328 - INFO - 成功提取 3779 个DVDS数据点
2026-05-21 16:09:09,331 - INFO - 成功创建DataFrame: (3779, 2)
2026-05-21 16:09:09,332 - INFO - 开始提取DVDS数据: NCT5611021_NCEAP40PT15D(M)-2B00_FA62-3467_20260324_011712.xlsx
2026-05-21 16:09:09,546 - INFO - 快速读取Excel: NCT5611021_NCEAP40PT15D(M)-2B00_FA62-3467_20260324_011712.xlsx (6411行x46列) 耗时: 0.215秒
2026-05-21 16:09:09,546 - INFO - 文件形状: (6411, 46)
2026-05-21 16:09:09,549 - INFO - 找到DVDS列在第12列
2026-05-21 16:09:09,551 - INFO - DVDS单位: nan
2026-05-21 16:09:09,551 - WARNING - 第19行第1列不是'Test No.': NCT5611021_NCEAP40PT15D(M)-2B00_FA62-3467_20260324_011712.xlsx
2026-05-21 16:09:09,682 - INFO - 成功提取 6389 个DVDS数据点
2026-05-21 16:09:09,685 - INFO - 成功创建DataFrame: (6389, 2)
2026-05-21 16:09:09,686 - INFO - 开始提取DVDS数据: NCT5611022_NCEAP40PT15D(M)-2B00_FA62-3467_20260323_121408.xlsx
2026-05-21 16:09:09,883 - INFO - 快速读取Excel: NCT5611022_NCEAP40PT15D(M)-2B00_FA62-3467_20260323_121408.xlsx (6397行x46列) 耗时: 0.197秒
2026-05-21 16:09:09,884 - INFO - 文件形状: (6397, 46)
2026-05-21 16:09:09,885 - INFO - 找到DVDS列在第12列
2026-05-21 16:09:09,888 - INFO - DVDS单位: nan
2026-05-21 16:09:09,889 - WARNING - 第19行第1列不是'Test No.': NCT5611022_NCEAP40PT15D(M)-2B00_FA62-3467_20260323_121408.xlsx
2026-05-21 16:09:10,021 - INFO - 成功提取 6377 个DVDS数据点
2026-05-21 16:09:10,023 - INFO - 成功创建DataFrame: (6377, 2)
2026-05-21 16:09:10,024 - INFO - 开始提取DVDS数据: NCT5611023_NCEAP40PT15D(M)-2B00_FA62-3467_20260327_000345.xlsx
2026-05-21 16:09:10,223 - INFO - 快速读取Excel: NCT5611023_NCEAP40PT15D(M)-2B00_FA62-3467_20260327_000345.xlsx (6377行x46列) 耗时: 0.197秒
2026-05-21 16:09:10,224 - INFO - 文件形状: (6377, 46)
2026-05-21 16:09:10,226 - INFO - 找到DVDS列在第12列
2026-05-21 16:09:10,228 - INFO - DVDS单位: nan
2026-05-21 16:09:10,228 - WARNING - 第19行第1列不是'Test No.': NCT5611023_NCEAP40PT15D(M)-2B00_FA62-3467_20260327_000345.xlsx
2026-05-21 16:09:10,368 - INFO - 成功提取 6353 个DVDS数据点
2026-05-21 16:09:10,370 - INFO - 成功创建DataFrame: (6353, 2)
2026-05-21 16:09:10,371 - INFO - 开始提取DVDS数据: NCT5611024_NCEAP40PT15D(M)-2B00_FA62-3467_20260323_095612.xlsx
2026-05-21 16:09:10,586 - INFO - 快速读取Excel: NCT5611024_NCEAP40PT15D(M)-2B00_FA62-3467_20260323_095612.xlsx (6393行x46列) 耗时: 0.215秒
2026-05-21 16:09:10,588 - INFO - 文件形状: (6393, 46)
2026-05-21 16:09:10,589 - INFO - 找到DVDS列在第12列
2026-05-21 16:09:10,592 - INFO - DVDS单位: nan
2026-05-21 16:09:10,592 - WARNING - 第19行第1列不是'Test No.': NCT5611024_NCEAP40PT15D(M)-2B00_FA62-3467_20260323_095612.xlsx
2026-05-21 16:09:10,762 - INFO - 成功提取 6371 个DVDS数据点
2026-05-21 16:09:10,765 - INFO - 成功创建DataFrame: (6371, 2)
2026-05-21 16:09:10,766 - INFO - 开始提取DVDS数据: NCT5611025_NCEAP40PT15D(M)-2B00_FA62-3467_20260324_030843.xlsx
2026-05-21 16:09:10,980 - INFO - 快速读取Excel: NCT5611025_NCEAP40PT15D(M)-2B00_FA62-3467_20260324_030843.xlsx (5211行x46列) 耗时: 0.212秒
2026-05-21 16:09:10,980 - INFO - 文件形状: (5211, 46)
2026-05-21 16:09:10,982 - INFO - 找到DVDS列在第12列
2026-05-21 16:09:10,983 - INFO - DVDS单位: nan
2026-05-21 16:09:10,983 - WARNING - 第19行第1列不是'Test No.': NCT5611025_NCEAP40PT15D(M)-2B00_FA62-3467_20260324_030843.xlsx
2026-05-21 16:09:11,126 - INFO - 成功提取 5191 个DVDS数据点
2026-05-21 16:09:11,132 - INFO - 成功创建DataFrame: (5191, 2)
2026-05-21 16:09:11,133 - INFO - 开始提取DVDS数据: NCT5611026_NCEAP40PT15D(M)-2B00_FA62-3445_20260325_234657.xlsx
2026-05-21 16:09:11,361 - INFO - 快速读取Excel: NCT5611026_NCEAP40PT15D(M)-2B00_FA62-3445_20260325_234657.xlsx (6410行x46列) 耗时: 0.227秒
2026-05-21 16:09:11,370 - INFO - 文件形状: (6410, 46)
2026-05-21 16:09:11,373 - INFO - 找到DVDS列在第12列
2026-05-21 16:09:11,374 - INFO - DVDS单位: nan
2026-05-21 16:09:11,374 - WARNING - 第19行第1列不是'Test No.': NCT5611026_NCEAP40PT15D(M)-2B00_FA62-3445_20260325_234657.xlsx
2026-05-21 16:09:11,506 - INFO - 成功提取 6387 个DVDS数据点
2026-05-21 16:09:11,509 - INFO - 成功创建DataFrame: (6387, 2)
2026-05-21 16:09:11,511 - INFO - 开始提取DVDS数据: NCT5611027_NCEAP40PT15D(M)-2B00_FA62-3445_20260322_191509.xlsx
2026-05-21 16:09:11,724 - INFO - 快速读取Excel: NCT5611027_NCEAP40PT15D(M)-2B00_FA62-3445_20260322_191509.xlsx (6411行x46列) 耗时: 0.213秒
2026-05-21 16:09:11,725 - INFO - 文件形状: (6411, 46)
2026-05-21 16:09:11,727 - INFO - 找到DVDS列在第12列
2026-05-21 16:09:11,727 - INFO - DVDS单位: nan
2026-05-21 16:09:11,728 - WARNING - 第19行第1列不是'Test No.': NCT5611027_NCEAP40PT15D(M)-2B00_FA62-3445_20260322_191509.xlsx
2026-05-21 16:09:11,890 - INFO - 成功提取 6386 个DVDS数据点
2026-05-21 16:09:11,892 - INFO - 成功创建DataFrame: (6386, 2)
2026-05-21 16:09:11,894 - INFO - 开始提取DVDS数据: NCT5611028_NCEAP40PT15D(M)-2B00_FA62-3445_20260325_192247.xlsx
2026-05-21 16:09:12,126 - INFO - 快速读取Excel: NCT5611028_NCEAP40PT15D(M)-2B00_FA62-3445_20260325_192247.xlsx (6400行x46列) 耗时: 0.231秒
2026-05-21 16:09:12,126 - INFO - 文件形状: (6400, 46)
2026-05-21 16:09:12,130 - INFO - 找到DVDS列在第12列
2026-05-21 16:09:12,132 - INFO - DVDS单位: nan
2026-05-21 16:09:12,132 - WARNING - 第19行第1列不是'Test No.': NCT5611028_NCEAP40PT15D(M)-2B00_FA62-3445_20260325_192247.xlsx
2026-05-21 16:09:12,301 - INFO - 成功提取 6381 个DVDS数据点
2026-05-21 16:09:12,306 - INFO - 成功创建DataFrame: (6381, 2)
2026-05-21 16:09:12,308 - INFO - 开始提取DVDS数据: NCT5611029_NCEAP40PT15D(M)-2B00_FA62-3445_20260322_221505.xlsx
2026-05-21 16:09:12,530 - INFO - 快速读取Excel: NCT5611029_NCEAP40PT15D(M)-2B00_FA62-3445_20260322_221505.xlsx (6395行x46列) 耗时: 0.222秒
2026-05-21 16:09:12,531 - INFO - 文件形状: (6395, 46)
2026-05-21 16:09:12,532 - INFO - 找到DVDS列在第12列
2026-05-21 16:09:12,533 - INFO - DVDS单位: nan
2026-05-21 16:09:12,533 - WARNING - 第19行第1列不是'Test No.': NCT5611029_NCEAP40PT15D(M)-2B00_FA62-3445_20260322_221505.xlsx
2026-05-21 16:09:12,673 - INFO - 成功提取 6375 个DVDS数据点
2026-05-21 16:09:12,676 - INFO - 成功创建DataFrame: (6375, 2)
2026-05-21 16:09:12,677 - INFO - 开始提取DVDS数据: NCT5611030_NCEAP40PT15D(M)-2B00_FA62-3445_20260323_002304.xlsx
2026-05-21 16:09:12,879 - INFO - 快速读取Excel: NCT5611030_NCEAP40PT15D(M)-2B00_FA62-3445_20260323_002304.xlsx (6410行x46列) 耗时: 0.201秒
2026-05-21 16:09:12,880 - INFO - 文件形状: (6410, 46)
2026-05-21 16:09:12,881 - INFO - 找到DVDS列在第12列
2026-05-21 16:09:12,884 - INFO - DVDS单位: nan
2026-05-21 16:09:12,884 - WARNING - 第19行第1列不是'Test No.': NCT5611030_NCEAP40PT15D(M)-2B00_FA62-3445_20260323_002304.xlsx
2026-05-21 16:09:13,034 - INFO - 成功提取 6390 个DVDS数据点
2026-05-21 16:09:13,037 - INFO - 成功创建DataFrame: (6390, 2)
2026-05-21 16:09:13,038 - INFO - 开始提取DVDS数据: NCT5611031_NCEAP40PT15D(M)-2B00_FA62-3445_20260322_170425.xlsx
2026-05-21 16:09:13,247 - INFO - 快速读取Excel: NCT5611031_NCEAP40PT15D(M)-2B00_FA62-3445_20260322_170425.xlsx (6409行x46列) 耗时: 0.209秒
2026-05-21 16:09:13,248 - INFO - 文件形状: (6409, 46)
2026-05-21 16:09:13,250 - INFO - 找到DVDS列在第12列
2026-05-21 16:09:13,250 - INFO - DVDS单位: nan
2026-05-21 16:09:13,250 - WARNING - 第19行第1列不是'Test No.': NCT5611031_NCEAP40PT15D(M)-2B00_FA62-3445_20260322_170425.xlsx
2026-05-21 16:09:13,408 - INFO - 成功提取 6390 个DVDS数据点
2026-05-21 16:09:13,412 - INFO - 成功创建DataFrame: (6390, 2)
2026-05-21 16:09:13,413 - INFO - 开始提取DVDS数据: NCT5611032_NCEAP40PT15D(M)-2B00_FA62-3445_20260324_145348.xlsx
2026-05-21 16:09:13,626 - INFO - 快速读取Excel: NCT5611032_NCEAP40PT15D(M)-2B00_FA62-3445_20260324_145348.xlsx (6407行x46列) 耗时: 0.213秒
2026-05-21 16:09:13,627 - INFO - 文件形状: (6407, 46)
2026-05-21 16:09:13,629 - INFO - 找到DVDS列在第12列
2026-05-21 16:09:13,630 - INFO - DVDS单位: nan
2026-05-21 16:09:13,632 - WARNING - 第19行第1列不是'Test No.': NCT5611032_NCEAP40PT15D(M)-2B00_FA62-3445_20260324_145348.xlsx
2026-05-21 16:09:13,797 - INFO - 成功提取 6387 个DVDS数据点
2026-05-21 16:09:13,799 - INFO - 成功创建DataFrame: (6387, 2)
2026-05-21 16:09:13,803 - INFO - 开始提取DVDS数据: NCT5611033_NCEAP40PT15D(M)-2B00_FA62-3445_20260324_124942.xlsx
2026-05-21 16:09:14,021 - INFO - 快速读取Excel: NCT5611033_NCEAP40PT15D(M)-2B00_FA62-3445_20260324_124942.xlsx (6402行x46列) 耗时: 0.218秒
2026-05-21 16:09:14,022 - INFO - 文件形状: (6402, 46)
2026-05-21 16:09:14,024 - INFO - 找到DVDS列在第12列
2026-05-21 16:09:14,025 - INFO - DVDS单位: nan
2026-05-21 16:09:14,025 - WARNING - 第19行第1列不是'Test No.': NCT5611033_NCEAP40PT15D(M)-2B00_FA62-3445_20260324_124942.xlsx
2026-05-21 16:09:14,182 - INFO - 成功提取 6383 个DVDS数据点
2026-05-21 16:09:14,184 - INFO - 成功创建DataFrame: (6383, 2)
2026-05-21 16:09:14,185 - INFO - 开始提取DVDS数据: NCT5611034_NCEAP40PT15D(M)-2B00_FA62-3445_20260325_211214.xlsx
2026-05-21 16:09:14,303 - INFO - 快速读取Excel: NCT5611034_NCEAP40PT15D(M)-2B00_FA62-3445_20260325_211214.xlsx (3789行x46列) 耗时: 0.117秒
2026-05-21 16:09:14,303 - INFO - 文件形状: (3789, 46)
2026-05-21 16:09:14,304 - INFO - 找到DVDS列在第12列
2026-05-21 16:09:14,306 - INFO - DVDS单位: nan
2026-05-21 16:09:14,306 - WARNING - 第19行第1列不是'Test No.': NCT5611034_NCEAP40PT15D(M)-2B00_FA62-3445_20260325_211214.xlsx
2026-05-21 16:09:14,403 - INFO - 成功提取 3767 个DVDS数据点
2026-05-21 16:09:14,405 - INFO - 成功创建DataFrame: (3767, 2)
2026-05-21 16:09:14,407 - INFO - 开始提取DVDS数据: NCT5611035_NCEAP40PT15D(M)-2B00_FA62-3467_20260324_191945.xlsx
2026-05-21 16:09:14,622 - INFO - 快速读取Excel: NCT5611035_NCEAP40PT15D(M)-2B00_FA62-3467_20260324_191945.xlsx (6394行x46列) 耗时: 0.215秒
2026-05-21 16:09:14,622 - INFO - 文件形状: (6394, 46)
2026-05-21 16:09:14,624 - INFO - 找到DVDS列在第12列
2026-05-21 16:09:14,626 - INFO - DVDS单位: nan
2026-05-21 16:09:14,627 - WARNING - 第19行第1列不是'Test No.': NCT5611035_NCEAP40PT15D(M)-2B00_FA62-3467_20260324_191945.xlsx
2026-05-21 16:09:14,773 - INFO - 成功提取 6343 个DVDS数据点
2026-05-21 16:09:14,776 - INFO - 成功创建DataFrame: (6343, 2)
2026-05-21 16:09:14,777 - INFO - 开始提取DVDS数据: NCT5611036_NCEAP40PT15D(M)-2B00_FA62-3467_20260324_051624.xlsx
2026-05-21 16:09:14,976 - INFO - 快速读取Excel: NCT5611036_NCEAP40PT15D(M)-2B00_FA62-3467_20260324_051624.xlsx (6411行x46列) 耗时: 0.198秒
2026-05-21 16:09:14,977 - INFO - 文件形状: (6411, 46)
2026-05-21 16:09:14,979 - INFO - 找到DVDS列在第12列
2026-05-21 16:09:14,981 - INFO - DVDS单位: nan
2026-05-21 16:09:14,981 - WARNING - 第19行第1列不是'Test No.': NCT5611036_NCEAP40PT15D(M)-2B00_FA62-3467_20260324_051624.xlsx
2026-05-21 16:09:15,106 - INFO - 成功提取 6381 个DVDS数据点
2026-05-21 16:09:15,110 - INFO - 成功创建DataFrame: (6381, 2)
2026-05-21 16:09:15,111 - INFO - 开始提取DVDS数据: NCT5611037_NCEAP40PT15D(M)-2B00_FA62-3467_20260323_142806.xlsx
2026-05-21 16:09:15,305 - INFO - 快速读取Excel: NCT5611037_NCEAP40PT15D(M)-2B00_FA62-3467_20260323_142806.xlsx (6402行x46列) 耗时: 0.192秒
2026-05-21 16:09:15,306 - INFO - 文件形状: (6402, 46)
2026-05-21 16:09:15,308 - INFO - 找到DVDS列在第12列
2026-05-21 16:09:15,310 - INFO - DVDS单位: nan
2026-05-21 16:09:15,311 - WARNING - 第19行第1列不是'Test No.': NCT5611037_NCEAP40PT15D(M)-2B00_FA62-3467_20260323_142806.xlsx
2026-05-21 16:09:15,444 - INFO - 成功提取 6382 个DVDS数据点
2026-05-21 16:09:15,447 - INFO - 成功创建DataFrame: (6382, 2)
2026-05-21 16:09:15,448 - INFO - 开始提取DVDS数据: NCT5611038_NCEAP40PT15D(M)-2B00_FA62-3467_20260326_214822.xlsx
2026-05-21 16:09:15,605 - INFO - 快速读取Excel: NCT5611038_NCEAP40PT15D(M)-2B00_FA62-3467_20260326_214822.xlsx (5005行x46列) 耗时: 0.157秒
2026-05-21 16:09:15,606 - INFO - 文件形状: (5005, 46)
2026-05-21 16:09:15,608 - INFO - 找到DVDS列在第12列
2026-05-21 16:09:15,609 - INFO - DVDS单位: nan
2026-05-21 16:09:15,611 - WARNING - 第19行第1列不是'Test No.': NCT5611038_NCEAP40PT15D(M)-2B00_FA62-3467_20260326_214822.xlsx
2026-05-21 16:09:15,744 - INFO - 成功提取 4983 个DVDS数据点
2026-05-21 16:09:15,745 - INFO - 成功创建DataFrame: (4983, 2)
2026-05-21 16:09:15,748 - INFO - 开始提取DVDS数据: NCT5611039_NCEAP40PT15D(M)-2B00_FA62-3935_20260326_095817.xlsx
2026-05-21 16:09:15,970 - INFO - 快速读取Excel: NCT5611039_NCEAP40PT15D(M)-2B00_FA62-3935_20260326_095817.xlsx (6385行x46列) 耗时: 0.221秒
2026-05-21 16:09:15,970 - INFO - 文件形状: (6385, 46)
2026-05-21 16:09:15,972 - INFO - 找到DVDS列在第12列
2026-05-21 16:09:15,973 - INFO - DVDS单位: nan
2026-05-21 16:09:15,974 - WARNING - 第19行第1列不是'Test No.': NCT5611039_NCEAP40PT15D(M)-2B00_FA62-3935_20260326_095817.xlsx
2026-05-21 16:09:16,121 - INFO - 成功提取 6363 个DVDS数据点
2026-05-21 16:09:16,124 - INFO - 成功创建DataFrame: (6363, 2)
2026-05-21 16:09:16,125 - INFO - 开始提取DVDS数据: NCT5611040_NCEAP40PT15D(M)-2B00_FA62-3935_20260326_074359.xlsx
2026-05-21 16:09:16,346 - INFO - 快速读取Excel: NCT5611040_NCEAP40PT15D(M)-2B00_FA62-3935_20260326_074359.xlsx (6402行x46列) 耗时: 0.220秒
2026-05-21 16:09:16,347 - INFO - 文件形状: (6402, 46)
2026-05-21 16:09:16,348 - INFO - 找到DVDS列在第12列
2026-05-21 16:09:16,350 - INFO - DVDS单位: nan
2026-05-21 16:09:16,351 - WARNING - 第19行第1列不是'Test No.': NCT5611040_NCEAP40PT15D(M)-2B00_FA62-3935_20260326_074359.xlsx
2026-05-21 16:09:16,510 - INFO - 成功提取 6383 个DVDS数据点
2026-05-21 16:09:16,514 - INFO - 成功创建DataFrame: (6383, 2)
2026-05-21 16:09:16,515 - INFO - 开始提取DVDS数据: NCT5611041_NCEAP40PT15D(M)-2B00_FA62-3935_20260326_032443.xlsx
2026-05-21 16:09:16,829 - INFO - 快速读取Excel: NCT5611041_NCEAP40PT15D(M)-2B00_FA62-3935_20260326_032443.xlsx (9195行x46列) 耗时: 0.314秒
2026-05-21 16:09:16,830 - INFO - 文件形状: (9195, 46)
2026-05-21 16:09:16,831 - INFO - 找到DVDS列在第12列
2026-05-21 16:09:16,834 - INFO - DVDS单位: nan
2026-05-21 16:09:16,834 - WARNING - 第19行第1列不是'Test No.': NCT5611041_NCEAP40PT15D(M)-2B00_FA62-3935_20260326_032443.xlsx
2026-05-21 16:09:17,039 - INFO - 成功提取 9171 个DVDS数据点
2026-05-21 16:09:17,044 - INFO - 成功创建DataFrame: (9171, 2)
2026-05-21 16:09:17,045 - INFO - 开始提取DVDS数据: NCT5611044_NCEAP40PT15D(M)-2B00_FA62-3935_20260326_191818.xlsx
2026-05-21 16:09:17,246 - INFO - 快速读取Excel: NCT5611044_NCEAP40PT15D(M)-2B00_FA62-3935_20260326_191818.xlsx (6392行x46列) 耗时: 0.200秒
2026-05-21 16:09:17,246 - INFO - 文件形状: (6392, 46)
2026-05-21 16:09:17,249 - INFO - 找到DVDS列在第12列
2026-05-21 16:09:17,249 - INFO - DVDS单位: nan
2026-05-21 16:09:17,249 - WARNING - 第19行第1列不是'Test No.': NCT5611044_NCEAP40PT15D(M)-2B00_FA62-3935_20260326_191818.xlsx
2026-05-21 16:09:17,400 - INFO - 成功提取 6369 个DVDS数据点
2026-05-21 16:09:17,403 - INFO - 成功创建DataFrame: (6369, 2)
2026-05-21 16:09:17,405 - INFO - 开始提取DVDS数据: NCT5611045_NCEAP40PT15D(M)-2B00_FA62-3935_20260324_170057.xlsx
2026-05-21 16:09:17,634 - INFO - 快速读取Excel: NCT5611045_NCEAP40PT15D(M)-2B00_FA62-3935_20260324_170057.xlsx (6406行x46列) 耗时: 0.228秒
2026-05-21 16:09:17,635 - INFO - 文件形状: (6406, 46)
2026-05-21 16:09:17,636 - INFO - 找到DVDS列在第12列
2026-05-21 16:09:17,637 - INFO - DVDS单位: nan
2026-05-21 16:09:17,638 - WARNING - 第19行第1列不是'Test No.': NCT5611045_NCEAP40PT15D(M)-2B00_FA62-3935_20260324_170057.xlsx
2026-05-21 16:09:17,784 - INFO - 成功提取 6386 个DVDS数据点
2026-05-21 16:09:17,788 - INFO - 成功创建DataFrame: (6386, 2)
2026-05-21 16:09:17,789 - INFO - 开始提取DVDS数据: NCT5611046_NCEAP40PT15D(M)-2B00_FA62-3935_20260326_053338.xlsx
2026-05-21 16:09:18,007 - INFO - 快速读取Excel: NCT5611046_NCEAP40PT15D(M)-2B00_FA62-3935_20260326_053338.xlsx (6424行x46列) 耗时: 0.218秒
2026-05-21 16:09:18,008 - INFO - 文件形状: (6424, 46)
2026-05-21 16:09:18,009 - INFO - 找到DVDS列在第12列
2026-05-21 16:09:18,011 - INFO - DVDS单位: nan
2026-05-21 16:09:18,011 - WARNING - 第19行第1列不是'Test No.': NCT5611046_NCEAP40PT15D(M)-2B00_FA62-3935_20260326_053338.xlsx
2026-05-21 16:09:18,142 - INFO - 成功提取 6396 个DVDS数据点
2026-05-21 16:09:18,145 - INFO - 成功创建DataFrame: (6396, 2)
2026-05-21 16:09:18,146 - INFO - 开始提取DVDS数据: NCT5611047_NCEAP40PT15D(M)-2B00_FA62-3935_20260326_125845.xlsx
2026-05-21 16:09:18,360 - INFO - 快速读取Excel: NCT5611047_NCEAP40PT15D(M)-2B00_FA62-3935_20260326_125845.xlsx (6399行x46列) 耗时: 0.214秒
2026-05-21 16:09:18,360 - INFO - 文件形状: (6399, 46)
2026-05-21 16:09:18,361 - INFO - 找到DVDS列在第12列
2026-05-21 16:09:18,363 - INFO - DVDS单位: nan
2026-05-21 16:09:18,364 - WARNING - 第19行第1列不是'Test No.': NCT5611047_NCEAP40PT15D(M)-2B00_FA62-3935_20260326_125845.xlsx
2026-05-21 16:09:18,513 - INFO - 成功提取 6375 个DVDS数据点
2026-05-21 16:09:18,516 - INFO - 成功创建DataFrame: (6375, 2)
2026-05-21 16:09:18,518 - INFO - 开始提取DVDS数据: NCT5611048_NCEAP40PT15D(M)-2B00_FA62-3935_20260326_154840.xlsx
2026-05-21 16:09:18,765 - INFO - 快速读取Excel: NCT5611048_NCEAP40PT15D(M)-2B00_FA62-3935_20260326_154840.xlsx (7402行x46列) 耗时: 0.247秒
2026-05-21 16:09:18,766 - INFO - 文件形状: (7402, 46)
2026-05-21 16:09:18,768 - INFO - 找到DVDS列在第12列
2026-05-21 16:09:18,768 - INFO - DVDS单位: nan
2026-05-21 16:09:18,768 - WARNING - 第19行第1列不是'Test No.': NCT5611048_NCEAP40PT15D(M)-2B00_FA62-3935_20260326_154840.xlsx
2026-05-21 16:09:18,921 - INFO - 成功提取 7381 个DVDS数据点
2026-05-21 16:09:18,923 - INFO - 成功创建DataFrame: (7381, 2)
2026-05-21 16:09:18,925 - INFO - 开始提取DVDS数据: NCT5611049_NCEAP40PT15D(M)-2B00_FA63-3956_20260327_060517.xlsx
2026-05-21 16:09:19,117 - INFO - 快速读取Excel: NCT5611049_NCEAP40PT15D(M)-2B00_FA63-3956_20260327_060517.xlsx (6415行x46列) 耗时: 0.190秒
2026-05-21 16:09:19,118 - INFO - 文件形状: (6415, 46)
2026-05-21 16:09:19,119 - INFO - 找到DVDS列在第12列
2026-05-21 16:09:19,120 - INFO - DVDS单位: nan
2026-05-21 16:09:19,121 - WARNING - 第19行第1列不是'Test No.': NCT5611049_NCEAP40PT15D(M)-2B00_FA63-3956_20260327_060517.xlsx
2026-05-21 16:09:19,277 - INFO - 成功提取 6389 个DVDS数据点
2026-05-21 16:09:19,279 - INFO - 成功创建DataFrame: (6389, 2)
2026-05-21 16:09:19,282 - INFO - 开始提取DVDS数据: NCT5611050_NCEAP40PT15D(M)-2B00_FA63-3956_20260325_120645.xlsx
2026-05-21 16:09:19,506 - INFO - 快速读取Excel: NCT5611050_NCEAP40PT15D(M)-2B00_FA63-3956_20260325_120645.xlsx (6406行x46列) 耗时: 0.224秒
2026-05-21 16:09:19,506 - INFO - 文件形状: (6406, 46)
2026-05-21 16:09:19,509 - INFO - 找到DVDS列在第12列
2026-05-21 16:09:19,511 - INFO - DVDS单位: nan
2026-05-21 16:09:19,512 - WARNING - 第19行第1列不是'Test No.': NCT5611050_NCEAP40PT15D(M)-2B00_FA63-3956_20260325_120645.xlsx
2026-05-21 16:09:19,674 - INFO - 成功提取 6386 个DVDS数据点
2026-05-21 16:09:19,676 - INFO - 成功创建DataFrame: (6386, 2)
2026-05-21 16:09:19,678 - INFO - 开始提取DVDS数据: NCT5611051_NCEAP40PT15D(M)-2B00_FA63-3956_20260325_063154.xlsx
2026-05-21 16:09:19,900 - INFO - 快速读取Excel: NCT5611051_NCEAP40PT15D(M)-2B00_FA63-3956_20260325_063154.xlsx (6414行x46列) 耗时: 0.221秒
2026-05-21 16:09:19,901 - INFO - 文件形状: (6414, 46)
2026-05-21 16:09:19,903 - INFO - 找到DVDS列在第12列
2026-05-21 16:09:19,903 - INFO - DVDS单位: nan
2026-05-21 16:09:19,904 - WARNING - 第19行第1列不是'Test No.': NCT5611051_NCEAP40PT15D(M)-2B00_FA63-3956_20260325_063154.xlsx
2026-05-21 16:09:20,085 - INFO - 成功提取 6395 个DVDS数据点
2026-05-21 16:09:20,089 - INFO - 成功创建DataFrame: (6395, 2)
2026-05-21 16:09:20,090 - INFO - 开始提取DVDS数据: NCT5611052_NCEAP40PT15D(M)-2B00_FA63-3956_20260325_141703.xlsx
2026-05-21 16:09:20,316 - INFO - 快速读取Excel: NCT5611052_NCEAP40PT15D(M)-2B00_FA63-3956_20260325_141703.xlsx (6400行x46列) 耗时: 0.225秒
2026-05-21 16:09:20,317 - INFO - 文件形状: (6400, 46)
2026-05-21 16:09:20,318 - INFO - 找到DVDS列在第12列
2026-05-21 16:09:20,322 - INFO - DVDS单位: nan
2026-05-21 16:09:20,322 - WARNING - 第19行第1列不是'Test No.': NCT5611052_NCEAP40PT15D(M)-2B00_FA63-3956_20260325_141703.xlsx
2026-05-21 16:09:20,466 - INFO - 成功提取 6381 个DVDS数据点
2026-05-21 16:09:20,469 - INFO - 成功创建DataFrame: (6381, 2)
2026-05-21 16:09:20,471 - INFO - 开始提取DVDS数据: NCT5611053_NCEAP40PT15D(M)-2B00_FA63-3956_20260325_034655.xlsx
2026-05-21 16:09:20,670 - INFO - 快速读取Excel: NCT5611053_NCEAP40PT15D(M)-2B00_FA63-3956_20260325_034655.xlsx (6414行x46列) 耗时: 0.199秒
2026-05-21 16:09:20,671 - INFO - 文件形状: (6414, 46)
2026-05-21 16:09:20,672 - INFO - 找到DVDS列在第12列
2026-05-21 16:09:20,675 - INFO - DVDS单位: nan
2026-05-21 16:09:20,677 - WARNING - 第19行第1列不是'Test No.': NCT5611053_NCEAP40PT15D(M)-2B00_FA63-3956_20260325_034655.xlsx
2026-05-21 16:09:20,834 - INFO - 成功提取 6394 个DVDS数据点
2026-05-21 16:09:20,836 - INFO - 成功创建DataFrame: (6394, 2)
2026-05-21 16:09:20,837 - INFO - 开始提取DVDS数据: NCT5611054_NCEAP40PT15D(M)-2B00_FA63-3956_20260325_164436.xlsx
2026-05-21 16:09:21,059 - INFO - 快速读取Excel: NCT5611054_NCEAP40PT15D(M)-2B00_FA63-3956_20260325_164436.xlsx (6394行x46列) 耗时: 0.221秒
2026-05-21 16:09:21,060 - INFO - 文件形状: (6394, 46)
2026-05-21 16:09:21,062 - INFO - 找到DVDS列在第12列
2026-05-21 16:09:21,062 - INFO - DVDS单位: nan
2026-05-21 16:09:21,063 - WARNING - 第19行第1列不是'Test No.': NCT5611054_NCEAP40PT15D(M)-2B00_FA63-3956_20260325_164436.xlsx
2026-05-21 16:09:21,205 - INFO - 成功提取 6374 个DVDS数据点
2026-05-21 16:09:21,210 - INFO - 成功创建DataFrame: (6374, 2)
2026-05-21 16:09:21,210 - INFO - 开始提取DVDS数据: NCT5611055_NCEAP40PT15D(M)-2B00_FA63-3956_20260325_095238.xlsx
2026-05-21 16:09:21,402 - INFO - 快速读取Excel: NCT5611055_NCEAP40PT15D(M)-2B00_FA63-3956_20260325_095238.xlsx (6405行x46列) 耗时: 0.193秒
2026-05-21 16:09:21,403 - INFO - 文件形状: (6405, 46)
2026-05-21 16:09:21,404 - INFO - 找到DVDS列在第12列
2026-05-21 16:09:21,406 - INFO - DVDS单位: nan
2026-05-21 16:09:21,407 - WARNING - 第19行第1列不是'Test No.': NCT5611055_NCEAP40PT15D(M)-2B00_FA63-3956_20260325_095238.xlsx
2026-05-21 16:09:21,565 - INFO - 成功提取 6383 个DVDS数据点
2026-05-21 16:09:21,567 - INFO - 成功创建DataFrame: (6383, 2)
2026-05-21 16:09:21,569 - INFO - 开始提取DVDS数据: NCT5611056_NCEAP40PT15D(M)-2B00_FA63-3956_20260324_072831.xlsx
2026-05-21 16:09:21,798 - INFO - 快速读取Excel: NCT5611056_NCEAP40PT15D(M)-2B00_FA63-3956_20260324_072831.xlsx (6377行x46列) 耗时: 0.229秒
2026-05-21 16:09:21,799 - INFO - 文件形状: (6377, 46)
2026-05-21 16:09:21,800 - INFO - 找到DVDS列在第12列
2026-05-21 16:09:21,802 - INFO - DVDS单位: nan
2026-05-21 16:09:21,802 - WARNING - 第19行第1列不是'Test No.': NCT5611056_NCEAP40PT15D(M)-2B00_FA63-3956_20260324_072831.xlsx
2026-05-21 16:09:21,938 - INFO - 成功提取 6351 个DVDS数据点
2026-05-21 16:09:21,941 - INFO - 成功创建DataFrame: (6351, 2)
2026-05-21 16:09:21,942 - INFO - 开始提取DVDS数据: NCT5611057_NCEAP40PT15D(M)-2B00_FA63-3956_20260327_034059.xlsx
2026-05-21 16:09:22,081 - INFO - 快速读取Excel: NCT5611057_NCEAP40PT15D(M)-2B00_FA63-3956_20260327_034059.xlsx (3809行x46列) 耗时: 0.137秒
2026-05-21 16:09:22,081 - INFO - 文件形状: (3809, 46)
2026-05-21 16:09:22,083 - INFO - 找到DVDS列在第12列
2026-05-21 16:09:22,085 - INFO - DVDS单位: nan
2026-05-21 16:09:22,086 - WARNING - 第19行第1列不是'Test No.': NCT5611057_NCEAP40PT15D(M)-2B00_FA63-3956_20260327_034059.xlsx
2026-05-21 16:09:22,203 - INFO - 成功提取 3790 个DVDS数据点
2026-05-21 16:09:22,205 - INFO - 成功创建DataFrame: (3790, 2)
2026-05-21 16:09:22,207 - INFO - 开始提取DVDS数据: NCT5613007_NCEAP40PT15D(M)-2B00_FA63-2589_20260410_114847.xlsx
2026-05-21 16:09:22,434 - INFO - 快速读取Excel: NCT5613007_NCEAP40PT15D(M)-2B00_FA63-2589_20260410_114847.xlsx (6409行x46列) 耗时: 0.226秒
2026-05-21 16:09:22,435 - INFO - 文件形状: (6409, 46)
2026-05-21 16:09:22,437 - INFO - 找到DVDS列在第12列
2026-05-21 16:09:22,438 - INFO - DVDS单位: nan
2026-05-21 16:09:22,438 - WARNING - 第19行第1列不是'Test No.': NCT5613007_NCEAP40PT15D(M)-2B00_FA63-2589_20260410_114847.xlsx
2026-05-21 16:09:22,579 - INFO - 成功提取 6387 个DVDS数据点
2026-05-21 16:09:22,581 - INFO - 成功创建DataFrame: (6387, 2)
2026-05-21 16:09:22,584 - INFO - 开始提取DVDS数据: NCT5613008_NCEAP40PT15D(M)-2B00_FA63-2589_20260410_174301.xlsx
2026-05-21 16:09:22,646 - INFO - 快速读取Excel: NCT5613008_NCEAP40PT15D(M)-2B00_FA63-2589_20260410_174301.xlsx (1640行x46列) 耗时: 0.062秒
2026-05-21 16:09:22,646 - INFO - 文件形状: (1640, 46)
2026-05-21 16:09:22,648 - INFO - 找到DVDS列在第12列
2026-05-21 16:09:22,649 - INFO - DVDS单位: nan
2026-05-21 16:09:22,651 - WARNING - 第19行第1列不是'Test No.': NCT5613008_NCEAP40PT15D(M)-2B00_FA63-2589_20260410_174301.xlsx
2026-05-21 16:09:22,691 - INFO - 成功提取 1621 个DVDS数据点
2026-05-21 16:09:22,694 - INFO - 成功创建DataFrame: (1621, 2)
2026-05-21 16:09:22,695 - INFO - 开始提取DVDS数据: NCT5613008_NCEAP40PT15D(M)-2B00_FA63-2589_20260410_191638.xlsx
2026-05-21 16:09:22,867 - INFO - 快速读取Excel: NCT5613008_NCEAP40PT15D(M)-2B00_FA63-2589_20260410_191638.xlsx (4785行x46列) 耗时: 0.172秒
2026-05-21 16:09:22,868 - INFO - 文件形状: (4785, 46)
2026-05-21 16:09:22,869 - INFO - 找到DVDS列在第12列
2026-05-21 16:09:22,871 - INFO - DVDS单位: nan
2026-05-21 16:09:22,872 - WARNING - 第19行第1列不是'Test No.': NCT5613008_NCEAP40PT15D(M)-2B00_FA63-2589_20260410_191638.xlsx
2026-05-21 16:09:22,983 - INFO - 成功提取 4763 个DVDS数据点
2026-05-21 16:09:22,986 - INFO - 成功创建DataFrame: (4763, 2)
2026-05-21 16:09:22,987 - INFO - 开始提取DVDS数据: NCT5613010_NCEAP40PT15D(M)-2B00_FA63-2589_20260410_002505.xlsx
2026-05-21 16:09:23,197 - INFO - 快速读取Excel: NCT5613010_NCEAP40PT15D(M)-2B00_FA63-2589_20260410_002505.xlsx (6406行x46列) 耗时: 0.211秒
2026-05-21 16:09:23,198 - INFO - 文件形状: (6406, 46)
2026-05-21 16:09:23,199 - INFO - 找到DVDS列在第12列
2026-05-21 16:09:23,201 - INFO - DVDS单位: nan
2026-05-21 16:09:23,201 - WARNING - 第19行第1列不是'Test No.': NCT5613010_NCEAP40PT15D(M)-2B00_FA63-2589_20260410_002505.xlsx
2026-05-21 16:09:23,335 - INFO - 成功提取 6384 个DVDS数据点
2026-05-21 16:09:23,339 - INFO - 成功创建DataFrame: (6384, 2)
2026-05-21 16:09:23,341 - INFO - 开始提取DVDS数据: NCT5613011_NCEAP40PT15D(M)-2B00_FA63-2589_20260410_071253.xlsx
2026-05-21 16:09:23,540 - INFO - 快速读取Excel: NCT5613011_NCEAP40PT15D(M)-2B00_FA63-2589_20260410_071253.xlsx (6417行x46列) 耗时: 0.199秒
2026-05-21 16:09:23,541 - INFO - 文件形状: (6417, 46)
2026-05-21 16:09:23,543 - INFO - 找到DVDS列在第12列
2026-05-21 16:09:23,543 - INFO - DVDS单位: nan
2026-05-21 16:09:23,544 - WARNING - 第19行第1列不是'Test No.': NCT5613011_NCEAP40PT15D(M)-2B00_FA63-2589_20260410_071253.xlsx
2026-05-21 16:09:23,664 - INFO - 成功提取 6396 个DVDS数据点
2026-05-21 16:09:23,667 - INFO - 成功创建DataFrame: (6396, 2)
2026-05-21 16:09:23,669 - INFO - 开始提取DVDS数据: NCT5613012_NCEAP40PT15D(M)-2B00_FA63-2589_20260410_024652.xlsx
2026-05-21 16:09:23,869 - INFO - 快速读取Excel: NCT5613012_NCEAP40PT15D(M)-2B00_FA63-2589_20260410_024652.xlsx (6371行x46列) 耗时: 0.200秒
2026-05-21 16:09:23,870 - INFO - 文件形状: (6371, 46)
2026-05-21 16:09:23,872 - INFO - 找到DVDS列在第12列
2026-05-21 16:09:23,872 - INFO - DVDS单位: nan
2026-05-21 16:09:23,872 - WARNING - 第19行第1列不是'Test No.': NCT5613012_NCEAP40PT15D(M)-2B00_FA63-2589_20260410_024652.xlsx
2026-05-21 16:09:24,021 - INFO - 成功提取 6350 个DVDS数据点
2026-05-21 16:09:24,023 - INFO - 成功创建DataFrame: (6350, 2)
2026-05-21 16:09:24,025 - INFO - 开始提取DVDS数据: NCT5613013_NCEAP40PT15D(M)-2B00_FA63-2589_20260410_165851.xlsx
2026-05-21 16:09:24,263 - INFO - 快速读取Excel: NCT5613013_NCEAP40PT15D(M)-2B00_FA63-2589_20260410_165851.xlsx (6416行x46列) 耗时: 0.237秒
2026-05-21 16:09:24,264 - INFO - 文件形状: (6416, 46)
2026-05-21 16:09:24,266 - INFO - 找到DVDS列在第12列
2026-05-21 16:09:24,267 - INFO - DVDS单位: nan
2026-05-21 16:09:24,267 - WARNING - 第19行第1列不是'Test No.': NCT5613013_NCEAP40PT15D(M)-2B00_FA63-2589_20260410_165851.xlsx
2026-05-21 16:09:24,425 - INFO - 成功提取 6396 个DVDS数据点
2026-05-21 16:09:24,427 - INFO - 成功创建DataFrame: (6396, 2)
2026-05-21 16:09:24,429 - INFO - 开始提取DVDS数据: NCT5613014_NCEAP40PT15D(M)-2B00_FA63-2589_20260410_143336.xlsx
2026-05-21 16:09:24,661 - INFO - 快速读取Excel: NCT5613014_NCEAP40PT15D(M)-2B00_FA63-2589_20260410_143336.xlsx (6388行x46列) 耗时: 0.232秒
2026-05-21 16:09:24,662 - INFO - 文件形状: (6388, 46)
2026-05-21 16:09:24,663 - INFO - 找到DVDS列在第12列
2026-05-21 16:09:24,665 - INFO - DVDS单位: nan
2026-05-21 16:09:24,666 - WARNING - 第19行第1列不是'Test No.': NCT5613014_NCEAP40PT15D(M)-2B00_FA63-2589_20260410_143336.xlsx
2026-05-21 16:09:24,825 - INFO - 成功提取 6365 个DVDS数据点
2026-05-21 16:09:24,829 - INFO - 成功创建DataFrame: (6365, 2)
2026-05-21 16:09:24,829 - INFO - 开始提取DVDS数据: NCT5613015_NCEAP40PT15D(M)-2B00_FA63-2589_20260410_090751.xlsx
2026-05-21 16:09:24,964 - INFO - 快速读取Excel: NCT5613015_NCEAP40PT15D(M)-2B00_FA63-2589_20260410_090751.xlsx (3785行x46列) 耗时: 0.134秒
2026-05-21 16:09:24,964 - INFO - 文件形状: (3785, 46)
2026-05-21 16:09:24,967 - INFO - 找到DVDS列在第12列
2026-05-21 16:09:24,968 - INFO - DVDS单位: nan
2026-05-21 16:09:24,969 - WARNING - 第19行第1列不是'Test No.': NCT5613015_NCEAP40PT15D(M)-2B00_FA63-2589_20260410_090751.xlsx
2026-05-21 16:09:25,050 - INFO - 成功提取 3762 个DVDS数据点
2026-05-21 16:09:25,051 - INFO - 成功创建DataFrame: (3762, 2)
2026-05-21 16:09:25,054 - INFO - 开始提取DVDS数据: NCT5614059_NCEAP40PT15D(M)-2B00_FA63-3064_20260419_085130.xlsx
2026-05-21 16:09:25,105 - INFO - 快速读取Excel: NCT5614059_NCEAP40PT15D(M)-2B00_FA63-3064_20260419_085130.xlsx (1348行x46列) 耗时: 0.051秒
2026-05-21 16:09:25,105 - INFO - 文件形状: (1348, 46)
2026-05-21 16:09:25,106 - INFO - 找到DVDS列在第12列
2026-05-21 16:09:25,110 - INFO - DVDS单位: nan
2026-05-21 16:09:25,110 - WARNING - 第19行第1列不是'Test No.': NCT5614059_NCEAP40PT15D(M)-2B00_FA63-3064_20260419_085130.xlsx
2026-05-21 16:09:25,147 - INFO - 成功提取 1328 个DVDS数据点
2026-05-21 16:09:25,149 - INFO - 成功创建DataFrame: (1328, 2)
2026-05-21 16:09:25,149 - INFO - 开始提取DVDS数据: NCT5614059_NCEAP40PT15D(M)-2B00_FA63-3064_20260419_122644.xlsx
2026-05-21 16:09:25,266 - INFO - 快速读取Excel: NCT5614059_NCEAP40PT15D(M)-2B00_FA63-3064_20260419_122644.xlsx (3282行x46列) 耗时: 0.114秒
2026-05-21 16:09:25,266 - INFO - 文件形状: (3282, 46)
2026-05-21 16:09:25,268 - INFO - 找到DVDS列在第12列
2026-05-21 16:09:25,269 - INFO - DVDS单位: nan
2026-05-21 16:09:25,270 - WARNING - 第19行第1列不是'Test No.': NCT5614059_NCEAP40PT15D(M)-2B00_FA63-3064_20260419_122644.xlsx
2026-05-21 16:09:25,356 - INFO - 成功提取 3260 个DVDS数据点
2026-05-21 16:09:25,360 - INFO - 成功创建DataFrame: (3260, 2)
2026-05-21 16:09:25,360 - INFO - 开始提取DVDS数据: NCT5614060_NCEAP40PT15D(M)-2B00_FA63-3064_20260418_150429.xlsx
2026-05-21 16:09:25,428 - INFO - 快速读取Excel: NCT5614060_NCEAP40PT15D(M)-2B00_FA63-3064_20260418_150429.xlsx (1744行x46列) 耗时: 0.066秒
2026-05-21 16:09:25,429 - INFO - 文件形状: (1744, 46)
2026-05-21 16:09:25,431 - INFO - 找到DVDS列在第12列
2026-05-21 16:09:25,433 - INFO - DVDS单位: nan
2026-05-21 16:09:25,433 - WARNING - 第19行第1列不是'Test No.': NCT5614060_NCEAP40PT15D(M)-2B00_FA63-3064_20260418_150429.xlsx
2026-05-21 16:09:25,483 - INFO - 成功提取 1721 个DVDS数据点
2026-05-21 16:09:25,484 - INFO - 成功创建DataFrame: (1721, 2)
2026-05-21 16:09:25,485 - INFO - 开始提取DVDS数据: NCT5614060_NCEAP40PT15D(M)-2B00_FA63-3064_20260418_230253.xlsx
2026-05-21 16:09:25,689 - INFO - 快速读取Excel: NCT5614060_NCEAP40PT15D(M)-2B00_FA63-3064_20260418_230253.xlsx (5633行x46列) 耗时: 0.204秒
2026-05-21 16:09:25,690 - INFO - 文件形状: (5633, 46)
2026-05-21 16:09:25,692 - INFO - 找到DVDS列在第12列
2026-05-21 16:09:25,693 - INFO - DVDS单位: nan
2026-05-21 16:09:25,695 - WARNING - 第19行第1列不是'Test No.': NCT5614060_NCEAP40PT15D(M)-2B00_FA63-3064_20260418_230253.xlsx
2026-05-21 16:09:25,846 - INFO - 成功提取 5603 个DVDS数据点
2026-05-21 16:09:25,850 - INFO - 成功创建DataFrame: (5603, 2)
2026-05-21 16:09:25,850 - INFO - 开始提取DVDS数据: NCT5614061_NCEAP40PT15D(M)-2B00_FA63-3064_20260419_194145.xlsx
2026-05-21 16:09:26,060 - INFO - 快速读取Excel: NCT5614061_NCEAP40PT15D(M)-2B00_FA63-3064_20260419_194145.xlsx (6370行x46列) 耗时: 0.210秒
2026-05-21 16:09:26,061 - INFO - 文件形状: (6370, 46)
2026-05-21 16:09:26,061 - INFO - 找到DVDS列在第12列
2026-05-21 16:09:26,064 - INFO - DVDS单位: nan
2026-05-21 16:09:26,064 - WARNING - 第19行第1列不是'Test No.': NCT5614061_NCEAP40PT15D(M)-2B00_FA63-3064_20260419_194145.xlsx
2026-05-21 16:09:26,236 - INFO - 成功提取 6345 个DVDS数据点
2026-05-21 16:09:26,238 - INFO - 成功创建DataFrame: (6345, 2)
2026-05-21 16:09:26,240 - INFO - 开始提取DVDS数据: NCT5614062_NCEAP40PT15D(M)-2B00_FA63-3064_20260419_155224.xlsx
2026-05-21 16:09:26,463 - INFO - 快速读取Excel: NCT5614062_NCEAP40PT15D(M)-2B00_FA63-3064_20260419_155224.xlsx (6396行x46列) 耗时: 0.221秒
2026-05-21 16:09:26,464 - INFO - 文件形状: (6396, 46)
2026-05-21 16:09:26,465 - INFO - 找到DVDS列在第12列
2026-05-21 16:09:26,466 - INFO - DVDS单位: nan
2026-05-21 16:09:26,467 - WARNING - 第19行第1列不是'Test No.': NCT5614062_NCEAP40PT15D(M)-2B00_FA63-3064_20260419_155224.xlsx
2026-05-21 16:09:26,610 - INFO - 成功提取 6372 个DVDS数据点
2026-05-21 16:09:26,613 - INFO - 成功创建DataFrame: (6372, 2)
2026-05-21 16:09:26,614 - INFO - 开始提取DVDS数据: NCT5614063_NCEAP40PT15D(M)-2B00_FA63-3064_20260420_005925.xlsx
2026-05-21 16:09:26,862 - INFO - 快速读取Excel: NCT5614063_NCEAP40PT15D(M)-2B00_FA63-3064_20260420_005925.xlsx (6369行x46列) 耗时: 0.246秒
2026-05-21 16:09:26,862 - INFO - 文件形状: (6369, 46)
2026-05-21 16:09:26,864 - INFO - 找到DVDS列在第12列
2026-05-21 16:09:26,866 - INFO - DVDS单位: nan
2026-05-21 16:09:26,866 - WARNING - 第19行第1列不是'Test No.': NCT5614063_NCEAP40PT15D(M)-2B00_FA63-3064_20260420_005925.xlsx
2026-05-21 16:09:27,000 - INFO - 成功提取 6347 个DVDS数据点
2026-05-21 16:09:27,001 - INFO - 成功创建DataFrame: (6347, 2)
2026-05-21 16:09:27,002 - INFO - 开始提取DVDS数据: NCT5614064_NCEAP40PT15D(M)-2B00_FA63-3064_20260419_034600.xlsx
2026-05-21 16:09:27,211 - INFO - 快速读取Excel: NCT5614064_NCEAP40PT15D(M)-2B00_FA63-3064_20260419_034600.xlsx (6409行x46列) 耗时: 0.206秒
2026-05-21 16:09:27,211 - INFO - 文件形状: (6409, 46)
2026-05-21 16:09:27,213 - INFO - 找到DVDS列在第12列
2026-05-21 16:09:27,214 - INFO - DVDS单位: nan
2026-05-21 16:09:27,214 - WARNING - 第19行第1列不是'Test No.': NCT5614064_NCEAP40PT15D(M)-2B00_FA63-3064_20260419_034600.xlsx
2026-05-21 16:09:27,373 - INFO - 成功提取 6383 个DVDS数据点
2026-05-21 16:09:27,375 - INFO - 成功创建DataFrame: (6383, 2)
2026-05-21 16:09:27,377 - INFO - 开始提取DVDS数据: NCT5614065_NCEAP40PT15D(M)-2B00_FA63-3064_20260419_074723.xlsx
2026-05-21 16:09:27,587 - INFO - 快速读取Excel: NCT5614065_NCEAP40PT15D(M)-2B00_FA63-3064_20260419_074723.xlsx (6409行x46列) 耗时: 0.210秒
2026-05-21 16:09:27,587 - INFO - 文件形状: (6409, 46)
2026-05-21 16:09:27,590 - INFO - 找到DVDS列在第12列
2026-05-21 16:09:27,591 - INFO - DVDS单位: nan
2026-05-21 16:09:27,591 - WARNING - 第19行第1列不是'Test No.': NCT5614065_NCEAP40PT15D(M)-2B00_FA63-3064_20260419_074723.xlsx
2026-05-21 16:09:27,729 - INFO - 成功提取 6384 个DVDS数据点
2026-05-21 16:09:27,732 - INFO - 成功创建DataFrame: (6384, 2)
2026-05-21 16:09:27,734 - INFO - 开始提取DVDS数据: NCT5614066_NCEAP40PT15D(M)-2B00_FA63-3064_20260419_221118.xlsx
2026-05-21 16:09:27,935 - INFO - 快速读取Excel: NCT5614066_NCEAP40PT15D(M)-2B00_FA63-3064_20260419_221118.xlsx (6333行x46列) 耗时: 0.201秒
2026-05-21 16:09:27,936 - INFO - 文件形状: (6333, 46)
2026-05-21 16:09:27,937 - INFO - 找到DVDS列在第12列
2026-05-21 16:09:27,939 - INFO - DVDS单位: nan
2026-05-21 16:09:27,940 - WARNING - 第19行第1列不是'Test No.': NCT5614066_NCEAP40PT15D(M)-2B00_FA63-3064_20260419_221118.xlsx
2026-05-21 16:09:28,076 - INFO - 成功提取 6311 个DVDS数据点
2026-05-21 16:09:28,079 - INFO - 成功创建DataFrame: (6311, 2)
2026-05-21 16:09:28,080 - INFO - 开始提取DVDS数据: NCT5614067_NCEAP40PT15D(M)-2B00_FA63-3064_20260420_024957.xlsx
2026-05-21 16:09:28,205 - INFO - 快速读取Excel: NCT5614067_NCEAP40PT15D(M)-2B00_FA63-3064_20260420_024957.xlsx (3815行x46列) 耗时: 0.124秒
2026-05-21 16:09:28,206 - INFO - 文件形状: (3815, 46)
2026-05-21 16:09:28,207 - INFO - 找到DVDS列在第12列
2026-05-21 16:09:28,211 - INFO - DVDS单位: nan
2026-05-21 16:09:28,211 - WARNING - 第19行第1列不是'Test No.': NCT5614067_NCEAP40PT15D(M)-2B00_FA63-3064_20260420_024957.xlsx
2026-05-21 16:09:28,309 - INFO - 成功提取 3792 个DVDS数据点
2026-05-21 16:09:28,312 - INFO - 成功创建DataFrame: (3792, 2)
2026-05-21 16:09:28,313 - INFO - 开始提取DVDS数据: NCT5615012_NCEAP40PT15D(M)-2B00_FA63-3198_20260420_162444.xlsx
2026-05-21 16:09:28,574 - INFO - 快速读取Excel: NCT5615012_NCEAP40PT15D(M)-2B00_FA63-3198_20260420_162444.xlsx (6403行x46列) 耗时: 0.261秒
2026-05-21 16:09:28,575 - INFO - 文件形状: (6403, 46)
2026-05-21 16:09:28,577 - INFO - 找到DVDS列在第12列
2026-05-21 16:09:28,579 - INFO - DVDS单位: nan
2026-05-21 16:09:28,580 - WARNING - 第19行第1列不是'Test No.': NCT5615012_NCEAP40PT15D(M)-2B00_FA63-3198_20260420_162444.xlsx
2026-05-21 16:09:28,768 - INFO - 成功提取 6380 个DVDS数据点
2026-05-21 16:09:28,772 - INFO - 成功创建DataFrame: (6380, 2)
2026-05-21 16:09:28,774 - INFO - 开始提取DVDS数据: NCT5615013_NCEAP40PT15D(M)-2B00_FA63-3198_20260420_095424.xlsx
2026-05-21 16:09:28,929 - INFO - 快速读取Excel: NCT5615013_NCEAP40PT15D(M)-2B00_FA63-3198_20260420_095424.xlsx (3580行x46列) 耗时: 0.154秒
2026-05-21 16:09:28,930 - INFO - 文件形状: (3580, 46)
2026-05-21 16:09:28,932 - INFO - 找到DVDS列在第12列
2026-05-21 16:09:28,933 - INFO - DVDS单位: nan
2026-05-21 16:09:28,934 - WARNING - 第19行第1列不是'Test No.': NCT5615013_NCEAP40PT15D(M)-2B00_FA63-3198_20260420_095424.xlsx
2026-05-21 16:09:29,033 - INFO - 成功提取 3554 个DVDS数据点
2026-05-21 16:09:29,036 - INFO - 成功创建DataFrame: (3554, 2)
2026-05-21 16:09:29,038 - INFO - 开始提取DVDS数据: NCT5615013_NCEAP40PT15D(M)-2B00_FA63-3198_20260420_122422.xlsx
2026-05-21 16:09:29,160 - INFO - 快速读取Excel: NCT5615013_NCEAP40PT15D(M)-2B00_FA63-3198_20260420_122422.xlsx (2940行x46列) 耗时: 0.122秒
2026-05-21 16:09:29,161 - INFO - 文件形状: (2940, 46)
2026-05-21 16:09:29,163 - INFO - 找到DVDS列在第12列
2026-05-21 16:09:29,165 - INFO - DVDS单位: nan
2026-05-21 16:09:29,165 - WARNING - 第19行第1列不是'Test No.': NCT5615013_NCEAP40PT15D(M)-2B00_FA63-3198_20260420_122422.xlsx
2026-05-21 16:09:29,255 - INFO - 成功提取 2919 个DVDS数据点
2026-05-21 16:09:29,258 - INFO - 成功创建DataFrame: (2919, 2)
2026-05-21 16:09:29,260 - INFO - 开始提取DVDS数据: NCT5615014_NCEAP40PT15D(M)-2B00_FA63-3198_20260426_073158.xlsx
2026-05-21 16:09:29,511 - INFO - 快速读取Excel: NCT5615014_NCEAP40PT15D(M)-2B00_FA63-3198_20260426_073158.xlsx (6398行x46列) 耗时: 0.251秒
2026-05-21 16:09:29,512 - INFO - 文件形状: (6398, 46)
2026-05-21 16:09:29,514 - INFO - 找到DVDS列在第12列
2026-05-21 16:09:29,515 - INFO - DVDS单位: nan
2026-05-21 16:09:29,515 - WARNING - 第19行第1列不是'Test No.': NCT5615014_NCEAP40PT15D(M)-2B00_FA63-3198_20260426_073158.xlsx
2026-05-21 16:09:29,678 - INFO - 成功提取 6378 个DVDS数据点
2026-05-21 16:09:29,683 - INFO - 成功创建DataFrame: (6378, 2)
2026-05-21 16:09:29,684 - INFO - 开始提取DVDS数据: NCT5615016_NCEAP40PT15D(M)-2B00_FA63-3198_20260420_192821.xlsx
2026-05-21 16:09:29,918 - INFO - 快速读取Excel: NCT5615016_NCEAP40PT15D(M)-2B00_FA63-3198_20260420_192821.xlsx (6406行x46列) 耗时: 0.233秒
2026-05-21 16:09:29,919 - INFO - 文件形状: (6406, 46)
2026-05-21 16:09:29,920 - INFO - 找到DVDS列在第12列
2026-05-21 16:09:29,922 - INFO - DVDS单位: nan
2026-05-21 16:09:29,923 - WARNING - 第19行第1列不是'Test No.': NCT5615016_NCEAP40PT15D(M)-2B00_FA63-3198_20260420_192821.xlsx
2026-05-21 16:09:30,074 - INFO - 成功提取 6386 个DVDS数据点
2026-05-21 16:09:30,077 - INFO - 成功创建DataFrame: (6386, 2)
2026-05-21 16:09:30,080 - INFO - 开始提取DVDS数据: NCT5615018_NCEAP40PT15D(M)-2B00_FA63-3198_20260426_045259.xlsx
2026-05-21 16:09:30,296 - INFO - 快速读取Excel: NCT5615018_NCEAP40PT15D(M)-2B00_FA63-3198_20260426_045259.xlsx (6341行x46列) 耗时: 0.215秒
2026-05-21 16:09:30,296 - INFO - 文件形状: (6341, 46)
2026-05-21 16:09:30,298 - INFO - 找到DVDS列在第12列
2026-05-21 16:09:30,298 - INFO - DVDS单位: nan
2026-05-21 16:09:30,299 - WARNING - 第19行第1列不是'Test No.': NCT5615018_NCEAP40PT15D(M)-2B00_FA63-3198_20260426_045259.xlsx
2026-05-21 16:09:30,457 - INFO - 成功提取 6318 个DVDS数据点
2026-05-21 16:09:30,459 - INFO - 成功创建DataFrame: (6318, 2)
2026-05-21 16:09:30,461 - INFO - 开始提取DVDS数据: NCT5615019_NCEAP40PT15D(M)-2B00_FA63-3198_20260426_085620.xlsx
2026-05-21 16:09:30,496 - INFO - 快速读取Excel: NCT5615019_NCEAP40PT15D(M)-2B00_FA63-3198_20260426_085620.xlsx (950行x46列) 耗时: 0.035秒
2026-05-21 16:09:30,497 - INFO - 文件形状: (950, 46)
2026-05-21 16:09:30,499 - INFO - 找到DVDS列在第12列
2026-05-21 16:09:30,502 - INFO - DVDS单位: nan
2026-05-21 16:09:30,502 - WARNING - 第19行第1列不是'Test No.': NCT5615019_NCEAP40PT15D(M)-2B00_FA63-3198_20260426_085620.xlsx
2026-05-21 16:09:30,516 - INFO - 成功提取 931 个DVDS数据点
2026-05-21 16:09:30,518 - INFO - 成功创建DataFrame: (931, 2)
2026-05-21 16:09:30,519 - INFO - 开始提取DVDS数据: NCT5615020_NCEAP40PT15D(M)-2B00_FA63-3453_20260422_020839.xlsx
2026-05-21 16:09:30,739 - INFO - 快速读取Excel: NCT5615020_NCEAP40PT15D(M)-2B00_FA63-3453_20260422_020839.xlsx (6406行x46列) 耗时: 0.217秒
2026-05-21 16:09:30,739 - INFO - 文件形状: (6406, 46)
2026-05-21 16:09:30,741 - INFO - 找到DVDS列在第12列
2026-05-21 16:09:30,743 - INFO - DVDS单位: nan
2026-05-21 16:09:30,743 - WARNING - 第19行第1列不是'Test No.': NCT5615020_NCEAP40PT15D(M)-2B00_FA63-3453_20260422_020839.xlsx
2026-05-21 16:09:30,885 - INFO - 成功提取 6384 个DVDS数据点
2026-05-21 16:09:30,888 - INFO - 成功创建DataFrame: (6384, 2)
2026-05-21 16:09:30,890 - INFO - 开始提取DVDS数据: NCT5615022_NCEAP40PT15D(M)-2B00_FA63-3453_20260421_105450.xlsx
2026-05-21 16:09:31,070 - INFO - 快速读取Excel: NCT5615022_NCEAP40PT15D(M)-2B00_FA63-3453_20260421_105450.xlsx (5543行x46列) 耗时: 0.181秒
2026-05-21 16:09:31,071 - INFO - 文件形状: (5543, 46)
2026-05-21 16:09:31,071 - INFO - 找到DVDS列在第12列
2026-05-21 16:09:31,074 - INFO - DVDS单位: nan
2026-05-21 16:09:31,074 - WARNING - 第19行第1列不是'Test No.': NCT5615022_NCEAP40PT15D(M)-2B00_FA63-3453_20260421_105450.xlsx
2026-05-21 16:09:31,198 - INFO - 成功提取 5521 个DVDS数据点
2026-05-21 16:09:31,200 - INFO - 成功创建DataFrame: (5521, 2)
2026-05-21 16:09:31,202 - INFO - 开始提取DVDS数据: NCT5615022_NCEAP40PT15D(M)-2B00_FA63-3453_20260421_121551.xlsx
2026-05-21 16:09:31,238 - INFO - 快速读取Excel: NCT5615022_NCEAP40PT15D(M)-2B00_FA63-3453_20260421_121551.xlsx (884行x46列) 耗时: 0.035秒
2026-05-21 16:09:31,238 - INFO - 文件形状: (884, 46)
2026-05-21 16:09:31,239 - INFO - 找到DVDS列在第12列
2026-05-21 16:09:31,241 - INFO - DVDS单位: nan
2026-05-21 16:09:31,242 - WARNING - 第19行第1列不是'Test No.': NCT5615022_NCEAP40PT15D(M)-2B00_FA63-3453_20260421_121551.xlsx
2026-05-21 16:09:31,266 - INFO - 成功提取 863 个DVDS数据点
2026-05-21 16:09:31,269 - INFO - 成功创建DataFrame: (863, 2)
2026-05-21 16:09:31,269 - INFO - 开始提取DVDS数据: NCT5615023_NCEAP40PT15D(M)-2B00_FA63-3453_20260422_140210.xlsx
2026-05-21 16:09:31,462 - INFO - 快速读取Excel: NCT5615023_NCEAP40PT15D(M)-2B00_FA63-3453_20260422_140210.xlsx (6339行x46列) 耗时: 0.192秒
2026-05-21 16:09:31,463 - INFO - 文件形状: (6339, 46)
2026-05-21 16:09:31,464 - INFO - 找到DVDS列在第12列
2026-05-21 16:09:31,467 - INFO - DVDS单位: nan
2026-05-21 16:09:31,468 - WARNING - 第19行第1列不是'Test No.': NCT5615023_NCEAP40PT15D(M)-2B00_FA63-3453_20260422_140210.xlsx
2026-05-21 16:09:31,595 - INFO - 成功提取 6319 个DVDS数据点
2026-05-21 16:09:31,597 - INFO - 成功创建DataFrame: (6319, 2)
2026-05-21 16:09:31,599 - INFO - 开始提取DVDS数据: NCT5615024_NCEAP40PT15D(M)-2B00_FA63-3453_20260421_034452.xlsx
2026-05-21 16:09:31,822 - INFO - 快速读取Excel: NCT5615024_NCEAP40PT15D(M)-2B00_FA63-3453_20260421_034452.xlsx (6416行x46列) 耗时: 0.223秒
2026-05-21 16:09:31,823 - INFO - 文件形状: (6416, 46)
2026-05-21 16:09:31,824 - INFO - 找到DVDS列在第12列
2026-05-21 16:09:31,825 - INFO - DVDS单位: nan
2026-05-21 16:09:31,825 - WARNING - 第19行第1列不是'Test No.': NCT5615024_NCEAP40PT15D(M)-2B00_FA63-3453_20260421_034452.xlsx
2026-05-21 16:09:31,959 - INFO - 成功提取 6389 个DVDS数据点
2026-05-21 16:09:31,962 - INFO - 成功创建DataFrame: (6389, 2)
2026-05-21 16:09:31,963 - INFO - 开始提取DVDS数据: NCT5615025_NCEAP40PT15D(M)-2B00_FA63-3453_20260421_223102.xlsx
2026-05-21 16:09:32,164 - INFO - 快速读取Excel: NCT5615025_NCEAP40PT15D(M)-2B00_FA63-3453_20260421_223102.xlsx (6363行x46列) 耗时: 0.200秒
2026-05-21 16:09:32,166 - INFO - 文件形状: (6363, 46)
2026-05-21 16:09:32,166 - INFO - 找到DVDS列在第12列
2026-05-21 16:09:32,168 - INFO - DVDS单位: nan
2026-05-21 16:09:32,169 - WARNING - 第19行第1列不是'Test No.': NCT5615025_NCEAP40PT15D(M)-2B00_FA63-3453_20260421_223102.xlsx
2026-05-21 16:09:32,292 - INFO - 成功提取 6334 个DVDS数据点
2026-05-21 16:09:32,295 - INFO - 成功创建DataFrame: (6334, 2)
2026-05-21 16:09:32,296 - INFO - 开始提取DVDS数据: NCT5615026_NCEAP40PT15D(M)-2B00_FA63-3453_20260421_155051.xlsx
2026-05-21 16:09:32,502 - INFO - 快速读取Excel: NCT5615026_NCEAP40PT15D(M)-2B00_FA63-3453_20260421_155051.xlsx (6408行x46列) 耗时: 0.206秒
2026-05-21 16:09:32,502 - INFO - 文件形状: (6408, 46)
2026-05-21 16:09:32,503 - INFO - 找到DVDS列在第12列
2026-05-21 16:09:32,506 - INFO - DVDS单位: nan
2026-05-21 16:09:32,507 - WARNING - 第19行第1列不是'Test No.': NCT5615026_NCEAP40PT15D(M)-2B00_FA63-3453_20260421_155051.xlsx
2026-05-21 16:09:32,657 - INFO - 成功提取 6384 个DVDS数据点
2026-05-21 16:09:32,662 - INFO - 成功创建DataFrame: (6384, 2)
2026-05-21 16:09:32,662 - INFO - 开始提取DVDS数据: NCT5615027_NCEAP40PT15D(M)-2B00_FA63-3453_20260421_073818.xlsx
2026-05-21 16:09:32,871 - INFO - 快速读取Excel: NCT5615027_NCEAP40PT15D(M)-2B00_FA63-3453_20260421_073818.xlsx (6341行x46列) 耗时: 0.208秒
2026-05-21 16:09:32,872 - INFO - 文件形状: (6341, 46)
2026-05-21 16:09:32,873 - INFO - 找到DVDS列在第12列
2026-05-21 16:09:32,874 - INFO - DVDS单位: nan
2026-05-21 16:09:32,875 - WARNING - 第19行第1列不是'Test No.': NCT5615027_NCEAP40PT15D(M)-2B00_FA63-3453_20260421_073818.xlsx
2026-05-21 16:09:33,005 - INFO - 成功提取 6321 个DVDS数据点
2026-05-21 16:09:33,008 - INFO - 成功创建DataFrame: (6321, 2)
2026-05-21 16:09:33,009 - INFO - 开始提取DVDS数据: NCT5615028_NCEAP40PT15D(M)-2B00_FA63-3453_20260422_035618.xlsx
2026-05-21 16:09:33,141 - INFO - 快速读取Excel: NCT5615028_NCEAP40PT15D(M)-2B00_FA63-3453_20260422_035618.xlsx (3813行x46列) 耗时: 0.132秒
2026-05-21 16:09:33,142 - INFO - 文件形状: (3813, 46)
2026-05-21 16:09:33,143 - INFO - 找到DVDS列在第12列
2026-05-21 16:09:33,144 - INFO - DVDS单位: nan
2026-05-21 16:09:33,145 - WARNING - 第19行第1列不是'Test No.': NCT5615028_NCEAP40PT15D(M)-2B00_FA63-3453_20260422_035618.xlsx
2026-05-21 16:09:33,235 - INFO - 成功提取 3794 个DVDS数据点
2026-05-21 16:09:33,238 - INFO - 成功创建DataFrame: (3794, 2)
2026-05-21 16:09:33,239 - INFO - 开始提取DVDS数据: NCT5615046_NCEAP40PT15D(M)-2B00_FA63-3462_20260424_190136.xlsx
2026-05-21 16:09:33,471 - INFO - 快速读取Excel: NCT5615046_NCEAP40PT15D(M)-2B00_FA63-3462_20260424_190136.xlsx (6362行x46列) 耗时: 0.232秒
2026-05-21 16:09:33,472 - INFO - 文件形状: (6362, 46)
2026-05-21 16:09:33,473 - INFO - 找到DVDS列在第12列
2026-05-21 16:09:33,475 - INFO - DVDS单位: nan
2026-05-21 16:09:33,476 - WARNING - 第19行第1列不是'Test No.': NCT5615046_NCEAP40PT15D(M)-2B00_FA63-3462_20260424_190136.xlsx
2026-05-21 16:09:33,610 - INFO - 成功提取 6339 个DVDS数据点
2026-05-21 16:09:33,613 - INFO - 成功创建DataFrame: (6339, 2)
2026-05-21 16:09:33,614 - INFO - 开始提取DVDS数据: NCT5615047_NCEAP40PT15D(M)-2B00_FA63-3462_20260423_015403.xlsx
2026-05-21 16:09:33,830 - INFO - 快速读取Excel: NCT5615047_NCEAP40PT15D(M)-2B00_FA63-3462_20260423_015403.xlsx (6396行x46列) 耗时: 0.216秒
2026-05-21 16:09:33,831 - INFO - 文件形状: (6396, 46)
2026-05-21 16:09:33,832 - INFO - 找到DVDS列在第12列
2026-05-21 16:09:33,833 - INFO - DVDS单位: nan
2026-05-21 16:09:33,833 - WARNING - 第19行第1列不是'Test No.': NCT5615047_NCEAP40PT15D(M)-2B00_FA63-3462_20260423_015403.xlsx
2026-05-21 16:09:33,980 - INFO - 成功提取 6372 个DVDS数据点
2026-05-21 16:09:33,982 - INFO - 成功创建DataFrame: (6372, 2)
2026-05-21 16:09:33,984 - INFO - 开始提取DVDS数据: NCT5615048_NCEAP40PT15D(M)-2B00_FA63-3462_20260422_073805.xlsx
2026-05-21 16:09:34,204 - INFO - 快速读取Excel: NCT5615048_NCEAP40PT15D(M)-2B00_FA63-3462_20260422_073805.xlsx (6378行x46列) 耗时: 0.218秒
2026-05-21 16:09:34,204 - INFO - 文件形状: (6378, 46)
2026-05-21 16:09:34,206 - INFO - 找到DVDS列在第12列
2026-05-21 16:09:34,207 - INFO - DVDS单位: nan
2026-05-21 16:09:34,207 - WARNING - 第19行第1列不是'Test No.': NCT5615048_NCEAP40PT15D(M)-2B00_FA63-3462_20260422_073805.xlsx
2026-05-21 16:09:34,363 - INFO - 成功提取 6351 个DVDS数据点
2026-05-21 16:09:34,365 - INFO - 成功创建DataFrame: (6351, 2)
2026-05-21 16:09:34,368 - INFO - 开始提取DVDS数据: NCT5615049_NCEAP40PT15D(M)-2B00_FA63-3462_20260423_142631.xlsx
2026-05-21 16:09:34,567 - INFO - 快速读取Excel: NCT5615049_NCEAP40PT15D(M)-2B00_FA63-3462_20260423_142631.xlsx (6323行x46列) 耗时: 0.199秒
2026-05-21 16:09:34,568 - INFO - 文件形状: (6323, 46)
2026-05-21 16:09:34,569 - INFO - 找到DVDS列在第12列
2026-05-21 16:09:34,571 - INFO - DVDS单位: nan
2026-05-21 16:09:34,573 - WARNING - 第19行第1列不是'Test No.': NCT5615049_NCEAP40PT15D(M)-2B00_FA63-3462_20260423_142631.xlsx
2026-05-21 16:09:34,695 - INFO - 成功提取 6302 个DVDS数据点
2026-05-21 16:09:34,699 - INFO - 成功创建DataFrame: (6302, 2)
2026-05-21 16:09:34,699 - INFO - 开始提取DVDS数据: NCT5615050_NCEAP40PT15D(M)-2B00_FA63-3462_20260422_110312.xlsx
2026-05-21 16:09:34,912 - INFO - 快速读取Excel: NCT5615050_NCEAP40PT15D(M)-2B00_FA63-3462_20260422_110312.xlsx (6417行x46列) 耗时: 0.212秒
2026-05-21 16:09:34,912 - INFO - 文件形状: (6417, 46)
2026-05-21 16:09:34,914 - INFO - 找到DVDS列在第12列
2026-05-21 16:09:34,916 - INFO - DVDS单位: nan
2026-05-21 16:09:34,917 - WARNING - 第19行第1列不是'Test No.': NCT5615050_NCEAP40PT15D(M)-2B00_FA63-3462_20260422_110312.xlsx
2026-05-21 16:09:35,057 - INFO - 成功提取 6392 个DVDS数据点
2026-05-21 16:09:35,060 - INFO - 成功创建DataFrame: (6392, 2)
2026-05-21 16:09:35,061 - INFO - 开始提取DVDS数据: NCT5615051_NCEAP40PT15D(M)-2B00_FA63-3462_20260424_155206.xlsx
2026-05-21 16:09:35,281 - INFO - 快速读取Excel: NCT5615051_NCEAP40PT15D(M)-2B00_FA63-3462_20260424_155206.xlsx (6392行x46列) 耗时: 0.220秒
2026-05-21 16:09:35,282 - INFO - 文件形状: (6392, 46)
2026-05-21 16:09:35,282 - INFO - 找到DVDS列在第12列
2026-05-21 16:09:35,284 - INFO - DVDS单位: nan
2026-05-21 16:09:35,284 - WARNING - 第19行第1列不是'Test No.': NCT5615051_NCEAP40PT15D(M)-2B00_FA63-3462_20260424_155206.xlsx
2026-05-21 16:09:35,429 - INFO - 成功提取 6369 个DVDS数据点
2026-05-21 16:09:35,434 - INFO - 成功创建DataFrame: (6369, 2)
2026-05-21 16:09:35,434 - INFO - 开始提取DVDS数据: NCT5615052_NCEAP40PT15D(M)-2B00_FA63-3462_20260423_105804.xlsx
2026-05-21 16:09:35,648 - INFO - 快速读取Excel: NCT5615052_NCEAP40PT15D(M)-2B00_FA63-3462_20260423_105804.xlsx (6369行x46列) 耗时: 0.213秒
2026-05-21 16:09:35,649 - INFO - 文件形状: (6369, 46)
2026-05-21 16:09:35,650 - INFO - 找到DVDS列在第12列
2026-05-21 16:09:35,651 - INFO - DVDS单位: nan
2026-05-21 16:09:35,651 - WARNING - 第19行第1列不是'Test No.': NCT5615052_NCEAP40PT15D(M)-2B00_FA63-3462_20260423_105804.xlsx
2026-05-21 16:09:35,806 - INFO - 成功提取 6348 个DVDS数据点
2026-05-21 16:09:35,808 - INFO - 成功创建DataFrame: (6348, 2)
2026-05-21 16:09:35,810 - INFO - 开始提取DVDS数据: NCT5615053_NCEAP40PT15D(M)-2B00_FA63-3462_20260423_043811.xlsx
2026-05-21 16:09:36,027 - INFO - 快速读取Excel: NCT5615053_NCEAP40PT15D(M)-2B00_FA63-3462_20260423_043811.xlsx (6371行x46列) 耗时: 0.217秒
2026-05-21 16:09:36,028 - INFO - 文件形状: (6371, 46)
2026-05-21 16:09:36,030 - INFO - 找到DVDS列在第12列
2026-05-21 16:09:36,032 - INFO - DVDS单位: nan
2026-05-21 16:09:36,033 - WARNING - 第19行第1列不是'Test No.': NCT5615053_NCEAP40PT15D(M)-2B00_FA63-3462_20260423_043811.xlsx
2026-05-21 16:09:36,197 - INFO - 成功提取 6348 个DVDS数据点
2026-05-21 16:09:36,201 - INFO - 成功创建DataFrame: (6348, 2)
2026-05-21 16:09:36,202 - INFO - 开始提取DVDS数据: NCT5615054_NCEAP40PT15D(M)-2B00_FA63-3462_20260427_172523.xlsx
2026-05-21 16:09:36,358 - INFO - 快速读取Excel: NCT5615054_NCEAP40PT15D(M)-2B00_FA63-3462_20260427_172523.xlsx (3810行x46列) 耗时: 0.155秒
2026-05-21 16:09:36,359 - INFO - 文件形状: (3810, 46)
2026-05-21 16:09:36,361 - INFO - 找到DVDS列在第12列
2026-05-21 16:09:36,362 - INFO - DVDS单位: nan
2026-05-21 16:09:36,362 - WARNING - 第19行第1列不是'Test No.': NCT5615054_NCEAP40PT15D(M)-2B00_FA63-3462_20260427_172523.xlsx
2026-05-21 16:09:36,480 - INFO - 成功提取 3788 个DVDS数据点
2026-05-21 16:09:36,482 - INFO - 成功创建DataFrame: (3788, 2)
2026-05-21 16:09:36,484 - INFO - 开始提取DVDS数据: NCT5615057_NCEAP40PT15D(M)-2B00_FA63-3459_20260422_225230.xlsx
2026-05-21 16:09:36,586 - INFO - 快速读取Excel: NCT5615057_NCEAP40PT15D(M)-2B00_FA63-3459_20260422_225230.xlsx (2533行x46列) 耗时: 0.102秒
2026-05-21 16:09:36,587 - INFO - 文件形状: (2533, 46)
2026-05-21 16:09:36,590 - INFO - 找到DVDS列在第12列
2026-05-21 16:09:36,591 - INFO - DVDS单位: nan
2026-05-21 16:09:36,592 - WARNING - 第19行第1列不是'Test No.': NCT5615057_NCEAP40PT15D(M)-2B00_FA63-3459_20260422_225230.xlsx
2026-05-21 16:09:36,667 - INFO - 成功提取 2511 个DVDS数据点
2026-05-21 16:09:36,668 - INFO - 成功创建DataFrame: (2511, 2)
2026-05-21 16:09:36,670 - INFO - 开始提取DVDS数据: NCT5615058_NCEAP40PT15D(M)-2B00_FA63-3459_20260422_153941.xlsx
2026-05-21 16:09:36,739 - INFO - 快速读取Excel: NCT5615058_NCEAP40PT15D(M)-2B00_FA63-3459_20260422_153941.xlsx (1646行x46列) 耗时: 0.069秒
2026-05-21 16:09:36,740 - INFO - 文件形状: (1646, 46)
2026-05-21 16:09:36,742 - INFO - 找到DVDS列在第12列
2026-05-21 16:09:36,743 - INFO - DVDS单位: nan
2026-05-21 16:09:36,743 - WARNING - 第19行第1列不是'Test No.': NCT5615058_NCEAP40PT15D(M)-2B00_FA63-3459_20260422_153941.xlsx
2026-05-21 16:09:36,798 - INFO - 成功提取 1626 个DVDS数据点
2026-05-21 16:09:36,801 - INFO - 成功创建DataFrame: (1626, 2)
2026-05-21 16:09:36,803 - INFO - 开始提取DVDS数据: NCT5615058_NCEAP40PT15D(M)-2B00_FA63-3459_20260422_192441.xlsx
2026-05-21 16:09:37,019 - INFO - 快速读取Excel: NCT5615058_NCEAP40PT15D(M)-2B00_FA63-3459_20260422_192441.xlsx (4825行x46列) 耗时: 0.216秒
2026-05-21 16:09:37,019 - INFO - 文件形状: (4825, 46)
2026-05-21 16:09:37,021 - INFO - 找到DVDS列在第12列
2026-05-21 16:09:37,023 - INFO - DVDS单位: nan
2026-05-21 16:09:37,023 - WARNING - 第19行第1列不是'Test No.': NCT5615058_NCEAP40PT15D(M)-2B00_FA63-3459_20260422_192441.xlsx
2026-05-21 16:09:37,148 - INFO - 成功提取 4804 个DVDS数据点
2026-05-21 16:09:37,151 - INFO - 成功创建DataFrame: (4804, 2)
2026-05-21 16:09:37,153 - INFO - 开始提取DVDS数据: NCT5615059_NCEAP40PT15D(M)-2B00_FA63-3459_20260426_171439.xlsx
2026-05-21 16:09:37,392 - INFO - 快速读取Excel: NCT5615059_NCEAP40PT15D(M)-2B00_FA63-3459_20260426_171439.xlsx (6393行x46列) 耗时: 0.238秒
2026-05-21 16:09:37,392 - INFO - 文件形状: (6393, 46)
2026-05-21 16:09:37,393 - INFO - 找到DVDS列在第12列
2026-05-21 16:09:37,394 - INFO - DVDS单位: nan
2026-05-21 16:09:37,398 - WARNING - 第19行第1列不是'Test No.': NCT5615059_NCEAP40PT15D(M)-2B00_FA63-3459_20260426_171439.xlsx
2026-05-21 16:09:37,553 - INFO - 成功提取 6372 个DVDS数据点
2026-05-21 16:09:37,558 - INFO - 成功创建DataFrame: (6372, 2)
2026-05-21 16:09:37,559 - INFO - 开始提取DVDS数据: NCT5615061_NCEAP40PT15D(M)-2B00_FA63-3459_20260502_043822.xlsx
2026-05-21 16:09:37,784 - INFO - 快速读取Excel: NCT5615061_NCEAP40PT15D(M)-2B00_FA63-3459_20260502_043822.xlsx (6420行x46列) 耗时: 0.225秒
2026-05-21 16:09:37,785 - INFO - 文件形状: (6420, 46)
2026-05-21 16:09:37,788 - INFO - 找到DVDS列在第12列
2026-05-21 16:09:37,789 - INFO - DVDS单位: nan
2026-05-21 16:09:37,789 - WARNING - 第19行第1列不是'Test No.': NCT5615061_NCEAP40PT15D(M)-2B00_FA63-3459_20260502_043822.xlsx
2026-05-21 16:09:37,945 - INFO - 成功提取 6399 个DVDS数据点
2026-05-21 16:09:37,950 - INFO - 成功创建DataFrame: (6399, 2)
2026-05-21 16:09:37,951 - INFO - 开始提取DVDS数据: NCT5616015_NCEAP40PT15D(M)-2B00_FA63-3607_20260427_071137.xlsx
2026-05-21 16:09:38,004 - INFO - 快速读取Excel: NCT5616015_NCEAP40PT15D(M)-2B00_FA63-3607_20260427_071137.xlsx (1217行x46列) 耗时: 0.052秒
2026-05-21 16:09:38,004 - INFO - 文件形状: (1217, 46)
2026-05-21 16:09:38,007 - INFO - 找到DVDS列在第12列
2026-05-21 16:09:38,008 - INFO - DVDS单位: nan
2026-05-21 16:09:38,009 - WARNING - 第19行第1列不是'Test No.': NCT5616015_NCEAP40PT15D(M)-2B00_FA63-3607_20260427_071137.xlsx
2026-05-21 16:09:38,038 - INFO - 成功提取 1197 个DVDS数据点
2026-05-21 16:09:38,040 - INFO - 成功创建DataFrame: (1197, 2)
2026-05-21 16:09:38,041 - INFO - 开始提取DVDS数据: NCT5616017_NCEAP40PT15D(M)-2B00_FA63-3607_20260426_043917.xlsx
2026-05-21 16:09:38,101 - INFO - 快速读取Excel: NCT5616017_NCEAP40PT15D(M)-2B00_FA63-3607_20260426_043917.xlsx (1721行x46列) 耗时: 0.059秒
2026-05-21 16:09:38,102 - INFO - 文件形状: (1721, 46)
2026-05-21 16:09:38,102 - INFO - 找到DVDS列在第12列
2026-05-21 16:09:38,104 - INFO - DVDS单位: nan
2026-05-21 16:09:38,104 - WARNING - 第19行第1列不是'Test No.': NCT5616017_NCEAP40PT15D(M)-2B00_FA63-3607_20260426_043917.xlsx
2026-05-21 16:09:38,152 - INFO - 成功提取 1701 个DVDS数据点
2026-05-21 16:09:38,153 - INFO - 成功创建DataFrame: (1701, 2)
2026-05-21 16:09:38,155 - INFO - 开始提取DVDS数据: NCT5616018_NCEAP40PT15D(M)-2B00_FA63-3607_20260426_143413.xlsx
2026-05-21 16:09:38,364 - INFO - 快速读取Excel: NCT5616018_NCEAP40PT15D(M)-2B00_FA63-3607_20260426_143413.xlsx (6397行x46列) 耗时: 0.208秒
2026-05-21 16:09:38,365 - INFO - 文件形状: (6397, 46)
2026-05-21 16:09:38,366 - INFO - 找到DVDS列在第12列
2026-05-21 16:09:38,370 - INFO - DVDS单位: nan
2026-05-21 16:09:38,370 - WARNING - 第19行第1列不是'Test No.': NCT5616018_NCEAP40PT15D(M)-2B00_FA63-3607_20260426_143413.xlsx
2026-05-21 16:09:38,515 - INFO - 成功提取 6375 个DVDS数据点
2026-05-21 16:09:38,519 - INFO - 成功创建DataFrame: (6375, 2)
2026-05-21 16:09:38,520 - INFO - 开始提取DVDS数据: NCT5616024_NCEAP40PT15D(M)-2B00_FA63-3705_20260427_015652.xlsx
2026-05-21 16:09:38,724 - INFO - 快速读取Excel: NCT5616024_NCEAP40PT15D(M)-2B00_FA63-3705_20260427_015652.xlsx (6396行x46列) 耗时: 0.203秒
2026-05-21 16:09:38,726 - INFO - 文件形状: (6396, 46)
2026-05-21 16:09:38,726 - INFO - 找到DVDS列在第12列
2026-05-21 16:09:38,729 - INFO - DVDS单位: nan
2026-05-21 16:09:38,730 - WARNING - 第19行第1列不是'Test No.': NCT5616024_NCEAP40PT15D(M)-2B00_FA63-3705_20260427_015652.xlsx
2026-05-21 16:09:38,879 - INFO - 成功提取 6376 个DVDS数据点
2026-05-21 16:09:38,881 - INFO - 成功创建DataFrame: (6376, 2)
2026-05-21 16:09:38,883 - INFO - 开始提取DVDS数据: NCT5616025_NCEAP40PT15D(M)-2B00_FA63-3705_20260425_194118.xlsx
2026-05-21 16:09:39,048 - INFO - 快速读取Excel: NCT5616025_NCEAP40PT15D(M)-2B00_FA63-3705_20260425_194118.xlsx (4532行x46列) 耗时: 0.164秒
2026-05-21 16:09:39,048 - INFO - 文件形状: (4532, 46)
2026-05-21 16:09:39,050 - INFO - 找到DVDS列在第12列
2026-05-21 16:09:39,051 - INFO - DVDS单位: nan
2026-05-21 16:09:39,051 - WARNING - 第19行第1列不是'Test No.': NCT5616025_NCEAP40PT15D(M)-2B00_FA63-3705_20260425_194118.xlsx
2026-05-21 16:09:39,174 - INFO - 成功提取 4508 个DVDS数据点
2026-05-21 16:09:39,176 - INFO - 成功创建DataFrame: (4508, 2)
2026-05-21 16:09:39,177 - INFO - 开始提取DVDS数据: NCT5616026_NCEAP40PT15D(M)-2B00_FA63-3705_20260425_161342.xlsx
2026-05-21 16:09:39,392 - INFO - 快速读取Excel: NCT5616026_NCEAP40PT15D(M)-2B00_FA63-3705_20260425_161342.xlsx (6332行x46列) 耗时: 0.215秒
2026-05-21 16:09:39,392 - INFO - 文件形状: (6332, 46)
2026-05-21 16:09:39,394 - INFO - 找到DVDS列在第12列
2026-05-21 16:09:39,396 - INFO - DVDS单位: nan
2026-05-21 16:09:39,397 - WARNING - 第19行第1列不是'Test No.': NCT5616026_NCEAP40PT15D(M)-2B00_FA63-3705_20260425_161342.xlsx
2026-05-21 16:09:39,555 - INFO - 成功提取 6310 个DVDS数据点
2026-05-21 16:09:39,558 - INFO - 成功创建DataFrame: (6310, 2)
2026-05-21 16:09:39,560 - INFO - 开始提取DVDS数据: NCT5616027_NCEAP40PT15D(M)-2B00_FA63-3705_20260426_005719.xlsx
2026-05-21 16:09:39,795 - INFO - 快速读取Excel: NCT5616027_NCEAP40PT15D(M)-2B00_FA63-3705_20260426_005719.xlsx (6403行x46列) 耗时: 0.234秒
2026-05-21 16:09:39,796 - INFO - 文件形状: (6403, 46)
2026-05-21 16:09:39,797 - INFO - 找到DVDS列在第12列
2026-05-21 16:09:39,800 - INFO - DVDS单位: nan
2026-05-21 16:09:39,800 - WARNING - 第19行第1列不是'Test No.': NCT5616027_NCEAP40PT15D(M)-2B00_FA63-3705_20260426_005719.xlsx
2026-05-21 16:09:39,980 - INFO - 成功提取 6384 个DVDS数据点
2026-05-21 16:09:39,990 - INFO - 成功创建DataFrame: (6384, 2)
2026-05-21 16:09:39,991 - INFO - 开始提取DVDS数据: NCT5616028_NCEAP40PT15D(M)-2B00_FA63-3705_20260427_155033.xlsx
2026-05-21 16:09:40,251 - INFO - 快速读取Excel: NCT5616028_NCEAP40PT15D(M)-2B00_FA63-3705_20260427_155033.xlsx (6411行x46列) 耗时: 0.260秒
2026-05-21 16:09:40,252 - INFO - 文件形状: (6411, 46)
2026-05-21 16:09:40,253 - INFO - 找到DVDS列在第12列
2026-05-21 16:09:40,255 - INFO - DVDS单位: nan
2026-05-21 16:09:40,258 - WARNING - 第19行第1列不是'Test No.': NCT5616028_NCEAP40PT15D(M)-2B00_FA63-3705_20260427_155033.xlsx
2026-05-21 16:09:40,428 - INFO - 成功提取 6391 个DVDS数据点
2026-05-21 16:09:40,430 - INFO - 成功创建DataFrame: (6391, 2)
2026-05-21 16:09:40,433 - INFO - 开始提取DVDS数据: NCT5616029_NCEAP40PT15D(M)-2B00_FA63-3705_20260425_221218.xlsx
2026-05-21 16:09:40,680 - INFO - 快速读取Excel: NCT5616029_NCEAP40PT15D(M)-2B00_FA63-3705_20260425_221218.xlsx (6408行x46列) 耗时: 0.246秒
2026-05-21 16:09:40,681 - INFO - 文件形状: (6408, 46)
2026-05-21 16:09:40,682 - INFO - 找到DVDS列在第12列
2026-05-21 16:09:40,684 - INFO - DVDS单位: nan
2026-05-21 16:09:40,684 - WARNING - 第19行第1列不是'Test No.': NCT5616029_NCEAP40PT15D(M)-2B00_FA63-3705_20260425_221218.xlsx
2026-05-21 16:09:40,872 - INFO - 成功提取 6383 个DVDS数据点
2026-05-21 16:09:40,874 - INFO - 成功创建DataFrame: (6383, 2)
2026-05-21 16:09:40,876 - INFO - 开始提取DVDS数据: NCT5616030_NCEAP40PT15D(M)-2B00_FA63-3705_20260427_100139.xlsx
2026-05-21 16:09:41,108 - INFO - 快速读取Excel: NCT5616030_NCEAP40PT15D(M)-2B00_FA63-3705_20260427_100139.xlsx (6410行x46列) 耗时: 0.233秒
2026-05-21 16:09:41,109 - INFO - 文件形状: (6410, 46)
2026-05-21 16:09:41,112 - INFO - 找到DVDS列在第12列
2026-05-21 16:09:41,112 - INFO - DVDS单位: nan
2026-05-21 16:09:41,115 - WARNING - 第19行第1列不是'Test No.': NCT5616030_NCEAP40PT15D(M)-2B00_FA63-3705_20260427_100139.xlsx
2026-05-21 16:09:41,274 - INFO - 成功提取 6386 个DVDS数据点
2026-05-21 16:09:41,278 - INFO - 成功创建DataFrame: (6386, 2)
2026-05-21 16:09:41,279 - INFO - 开始提取DVDS数据: NCT5616031_NCEAP40PT15D(M)-2B00_FA63-3705_20260427_123153.xlsx
2026-05-21 16:09:41,480 - INFO - 快速读取Excel: NCT5616031_NCEAP40PT15D(M)-2B00_FA63-3705_20260427_123153.xlsx (6369行x46列) 耗时: 0.200秒
2026-05-21 16:09:41,480 - INFO - 文件形状: (6369, 46)
2026-05-21 16:09:41,483 - INFO - 找到DVDS列在第12列
2026-05-21 16:09:41,484 - INFO - DVDS单位: nan
2026-05-21 16:09:41,485 - WARNING - 第19行第1列不是'Test No.': NCT5616031_NCEAP40PT15D(M)-2B00_FA63-3705_20260427_123153.xlsx
2026-05-21 16:09:41,664 - INFO - 成功提取 6348 个DVDS数据点
2026-05-21 16:09:41,668 - INFO - 成功创建DataFrame: (6348, 2)
2026-05-21 16:09:41,669 - INFO - === Phase 3: 合并和清洗数据 ===
2026-05-21 16:09:41,670 - INFO - 开始合并 181 个DataFrame
2026-05-21 16:09:41,714 - INFO - 数据合并完成，总共 1067369 行数据
2026-05-21 16:09:41,715 - INFO - 开始数据清洗，原始数据: (1067369, 3)
2026-05-21 16:09:41,731 - INFO - 删除空值后: (1067369, 3)
2026-05-21 16:09:41,756 - INFO - 清洗DVDS(nan)列后: (1067369, 3)
2026-05-21 16:09:41,759 - INFO - 数据清洗完成，最终数据: (1067369, 3)
2026-05-21 16:09:41,759 - INFO - === Phase 4: 保存结果 ===
2026-05-21 16:10:36,609 - WARNING - 数据行数超过Excel单sheet限制，已拆分为 2 个工作表
2026-05-21 16:10:36,610 - INFO - 快速写入Excel: mixed_DVDS_20260521_160941.xlsx (1067369行x3列) 耗时: 54.834秒
2026-05-21 16:10:36,611 - INFO - 数据保存成功: C:\Users\wgs03\Desktop\mixed_DVDS_20260521_160941.xlsx
2026-05-21 16:10:36,616 - INFO - 保存了 1067369 行数据
2026-05-21 16:10:36,620 - INFO - === 处理完成 ===
2026-05-21 16:10:36,621 - INFO - 成功处理 181 个文件
2026-05-21 16:10:36,621 - INFO - 输出文件: C:\Users\wgs03\Desktop\mixed_DVDS_20260521_160941.xlsx
